shipment_id,duration_h,mean_temp_c,max_temp_c,temp_sd_c,time_above_8c_min,thermal_auc_above_8c_c_h,mean_accel_rms_g,max_accel_rms_g,vibration_minutes_above_2g,vibration_dose_g2_h,dominant_vibration_freq_hz,shock_count_ge_5g,shock_count_ge_20g,max_shock_g,mean_shock_g,scenario,risk_class,literature_informed_risk_score,simulation_integrity_proxy
BT0001,21.833333333333332,4.2564312977099235,4.9446,0.27331057469813974,0.0,0.0,0.3016458015267175,0.6113,0.0,2.18943044,22.33804771858962,3,0,14.7119,9.532533333333333,stable_cold_chain,LOW,0.0,96.727383
BT0002,31.333333333333332,5.496538297872339,6.2321,0.30138071335826516,0.0,0.0,0.29077659574468084,0.7127,0.0,2.990425883333333,22.216952566003794,2,0,17.9101,12.83955,stable_cold_chain,LOW,0.028134,100.0
BT0003,20.5,4.736308130081301,5.478,0.3310599048273715,0.0,0.0,0.30819512195121945,1.0454,0.0,2.3121611166666667,23.35832971589674,2,0,11.0625,8.61815,stable_cold_chain,LOW,0.0,98.342594
BT0004,23.0,4.669905797101449,5.3849,0.27556051829272626,0.0,0.0,0.2911442028985508,0.6601,0.0,2.167794071666667,22.18872352999146,2,0,9.2034,8.0859,stable_cold_chain,LOW,0.030815,96.604516
BT0005,21.666666666666668,5.19962,6.0324,0.28456599407626937,0.0,0.0,0.30698000000000003,0.6472,0.0,2.3221620533333334,21.99573012215745,2,0,16.4323,13.85435,stable_cold_chain,LOW,0.077466,100.0
BT0006,27.5,3.191310909090909,4.0564,0.3211141394390138,0.0,0.0,0.293410303030303,0.8439,0.0,2.617714321666667,22.01681358726302,3,0,6.9983,6.268466666666666,stable_cold_chain,LOW,0.0,92.673397
BT0007,34.333333333333336,4.595046601941748,5.3944,0.28252928169081,0.0,0.0,0.3079058252427185,0.7701,0.0,3.6766351599999996,23.071725353305112,1,0,13.5892,13.5892,stable_cold_chain,LOW,0.104286,92.274629
BT0008,20.5,5.0302552845528465,5.7942,0.3055789074051664,0.0,0.0,0.3165861788617886,0.5653,0.0,2.2621894950000003,21.859739110234223,1,0,15.8072,15.8072,stable_cold_chain,LOW,0.105287,94.36693
BT0009,33.166666666666664,3.485816582914573,4.1925,0.29640438707917405,0.0,0.0,0.2936336683417085,0.7293,0.0,3.2187522283333334,21.531068567816458,1,0,10.9728,10.9728,stable_cold_chain,LOW,0.031132,97.84463
BT0010,34.0,5.710068137254901,6.5529,0.30339050438573745,0.0,0.0,0.3002710784313725,1.2,0.0,3.6160690950000003,21.37400598572785,2,0,15.5659,11.21745,stable_cold_chain,LOW,0.011317,97.972753
BT0011,25.833333333333332,5.2679322580645165,6.0461,0.276031233608009,0.0,0.0,0.30562258064516135,0.8396,0.0,2.7366368716666667,22.453836493479717,0,0,0.0,0.0,stable_cold_chain,LOW,0.033486,98.738257
BT0012,30.5,4.956147540983607,5.885,0.31812539212848767,0.0,0.0,0.301027868852459,0.6073,0.0,3.102092595000001,21.03493630553598,0,0,0.0,0.0,stable_cold_chain,LOW,0.044494,98.569094
BT0013,29.5,5.178871751412429,5.9412,0.299564608527515,0.0,0.0,0.29917966101694915,0.6844,0.0,2.93508402,20.70778860650401,1,0,6.5749,6.5749,stable_cold_chain,LOW,0.048665,94.516711
BT0014,25.166666666666668,4.469732450331126,5.1775,0.3236174369580036,0.0,0.0,0.30179205298013245,0.6228,0.0,2.5671818733333334,22.58564768034556,3,0,17.4947,10.4463,stable_cold_chain,LOW,0.125008,95.364819
BT0015,28.5,5.572288888888889,6.2221,0.2795177343115672,0.0,0.0,0.3002549707602339,0.7174,0.0,2.942906953333333,22.610238175391412,2,0,10.3177,8.576,stable_cold_chain,LOW,0.120008,97.591081
BT0016,33.833333333333336,4.617936945812808,5.5731,0.31951360242178084,0.0,0.0,0.29426551724137934,0.686,0.0,3.3217260383333334,22.527066306082478,3,0,14.0386,12.722,stable_cold_chain,LOW,0.0,100.0
BT0017,31.833333333333332,6.218356544502618,7.1998,0.3225511212318984,0.0,0.0,0.2982246073298429,0.6765,0.0,3.164261935,21.123980710265005,1,0,17.2137,17.2137,stable_cold_chain,LOW,0.0,98.139148
BT0018,32.5,5.390312820512821,6.2576,0.3078083777699659,0.0,0.0,0.2928876923076923,0.7116,0.0,3.140637521666667,22.075557577654664,1,0,5.0866,5.0866,stable_cold_chain,LOW,0.0,100.0
BT0019,19.5,5.583437606837607,6.5556,0.308041472878371,0.0,0.0,0.2976717948717949,0.5952,0.0,1.922598136666667,21.908604126552163,0,0,0.0,0.0,stable_cold_chain,LOW,0.0,100.0
BT0020,31.5,5.30001746031746,6.2597,0.297329458587296,0.0,0.0,0.30814761904761906,0.6608,0.0,3.3653761416666668,22.158854621526768,0,0,0.0,0.0,stable_cold_chain,LOW,0.0,100.0
BT0021,28.666666666666668,4.103650581395349,5.1,0.32291127147228543,0.0,0.0,0.2928098837209303,0.7184,0.0,2.8230432716666667,21.315405075973857,1,0,14.2273,14.2273,stable_cold_chain,LOW,0.0,98.273015
BT0022,19.666666666666668,5.192933050847456,5.8448,0.29574197843043276,0.0,0.0,0.309985593220339,0.9285,0.0,2.179605518333333,21.777772049882962,0,0,0.0,0.0,stable_cold_chain,LOW,0.0,100.0
BT0023,25.666666666666668,4.4402733766233755,5.3512,0.29359623238015026,0.0,0.0,0.29986168831168836,0.8972,0.0,2.640000915,21.846958947959813,1,0,7.3522,7.3522,stable_cold_chain,LOW,0.003013,100.0
BT0024,29.0,4.862160344827585,5.6037,0.30856780916478416,0.0,0.0,0.30249885057471265,0.5718,0.0,2.9385531533333333,21.21811155266415,0,0,0.0,0.0,stable_cold_chain,LOW,0.00659,100.0
BT0025,20.5,4.810853658536585,5.6561,0.28667556158236845,0.0,0.0,0.3004756097560976,0.6871,0.0,2.052955691666667,21.398180987049304,3,0,12.0198,9.626900000000001,stable_cold_chain,LOW,0.080748,94.059434
BT0026,28.5,5.288219298245615,6.0652,0.29926901690849805,0.0,0.0,0.30409415204678364,0.8727,0.0,3.085418688333333,20.84053572047637,1,0,14.7,14.7,stable_cold_chain,LOW,0.022653,96.594274
BT0027,21.333333333333332,4.926959375,5.6569,0.2820953513545719,0.0,0.0,0.2880703125,0.6954,0.0,1.99444224,22.987512851420814,1,0,16.2692,16.2692,stable_cold_chain,LOW,0.0,100.0
BT0028,30.5,4.812705464480874,5.608,0.31079568723698875,0.0,0.0,0.29557650273224045,0.6442,0.0,3.021947968333332,22.655956762047463,0,0,0.0,0.0,stable_cold_chain,LOW,0.0,99.185811
BT0029,29.0,5.223293678160919,6.0583,0.3362711293455011,0.0,0.0,0.2993132183908046,0.6284,0.0,2.871062228333334,22.077388453175274,3,0,14.3521,11.067966666666665,stable_cold_chain,LOW,0.003501,100.0
BT0030,30.5,4.836887431693989,5.647,0.32718619889772477,0.0,0.0,0.29878415300546446,0.6953,0.0,3.050200651666666,22.417559368837065,0,0,0.0,0.0,stable_cold_chain,LOW,0.0,99.985201
BT0031,27.166666666666668,4.730470552147239,5.4786,0.34278445371619626,0.0,0.0,0.30531840490797546,0.7562,0.0,2.875875175,22.647236348100595,2,0,14.532,13.9978,stable_cold_chain,LOW,0.099138,93.398152
BT0032,29.666666666666668,5.180333146067415,6.0504,0.31651355167783934,0.0,0.0,0.2820022471910113,0.585,0.0,2.610675996666666,21.34124175661488,1,0,5.9649,5.9649,stable_cold_chain,LOW,0.130543,97.512414
BT0033,30.333333333333332,4.68521978021978,5.3367,0.28944144398971755,0.0,0.0,0.29081978021978017,0.7441,0.0,2.92196537,22.520681787074587,2,0,17.4993,15.247700000000002,stable_cold_chain,LOW,0.0,100.0
BT0034,20.333333333333332,4.091404098360655,4.857,0.303309101763715,0.0,0.0,0.3219672131147541,0.8567,0.0,2.4347240266666663,21.02154559573698,1,0,17.9451,17.9451,stable_cold_chain,LOW,0.043793,97.448778
BT0035,32.166666666666664,6.0609207253886,6.877,0.27276536441860944,0.0,0.0,0.31619844559585497,0.6474,0.0,3.6259555616666668,21.492208569557725,0,0,0.0,0.0,stable_cold_chain,LOW,0.02133,100.0
BT0036,26.333333333333332,5.711654430379747,6.5546,0.2988152997529539,0.0,0.0,0.3031145569620253,0.8445,0.0,2.700945055,23.09219894017769,2,0,17.9295,12.00275,stable_cold_chain,LOW,0.032003,95.44355
BT0037,28.0,4.2103375000000005,4.8979,0.29997323485515215,0.0,0.0,0.2911458333333333,0.7363,0.0,2.6469095416666666,22.64088946797587,1,0,16.2983,16.2983,stable_cold_chain,LOW,0.028802,97.443242
BT0038,19.0,4.491881578947368,5.1651,0.30209322064374505,0.0,0.0,0.294930701754386,0.5927,0.0,1.8041274250000001,20.46638260559644,1,0,15.8709,15.8709,stable_cold_chain,LOW,0.0,94.984141
BT0039,34.0,4.872232352941175,5.9006,0.3285367250972118,0.0,0.0,0.2983681372549019,0.6481,0.0,3.3912401383333326,22.074329034991035,3,0,16.1999,14.494433333333333,stable_cold_chain,LOW,0.096252,98.669539
BT0040,18.5,4.062898198198199,4.9226,0.33576720297156504,0.0,0.0,0.29946216216216215,0.6088,0.0,1.8656756083333332,21.619055300749075,0,0,0.0,0.0,stable_cold_chain,LOW,0.06448,99.251676
BT0041,31.666666666666668,4.989675263157895,5.8469,0.3192357081146423,0.0,0.0,0.30766368421052637,0.8209,0.0,3.431002945000001,21.257164364314807,0,0,0.0,0.0,stable_cold_chain,LOW,0.0,100.0
BT0042,32.833333333333336,5.693605583756345,6.4366,0.3054458175041043,0.0,0.0,0.28900862944162437,0.6998,0.0,3.0811753116666667,22.287363204100323,0,0,0.0,0.0,stable_cold_chain,LOW,0.0,98.589877
BT0043,22.5,4.444558518518519,5.2811,0.2968773200636512,0.0,0.0,0.2878777777777778,0.6183,0.0,2.052389245,22.088390854485553,1,0,11.148,11.148,stable_cold_chain,LOW,0.016914,100.0
BT0044,29.333333333333332,3.5255857954545458,4.6751,0.32935479897072867,0.0,0.0,0.2898352272727273,0.7004,0.0,2.72486922,22.059452801904442,1,0,12.5236,12.5236,stable_cold_chain,LOW,0.013219,95.48913
BT0045,28.5,4.8837859649122795,5.6783,0.2997391002589902,0.0,0.0,0.2879274853801169,0.7018,0.0,2.7083707366666663,23.04343279616621,3,0,15.3879,12.368466666666668,stable_cold_chain,LOW,0.099395,99.40917
BT0046,28.833333333333332,4.413052023121388,5.2105,0.2991103775986993,0.0,0.0,0.29738092485549134,0.6573,0.0,2.799505351666667,21.131682378990345,0,0,0.0,0.0,stable_cold_chain,LOW,0.083802,94.946567
BT0047,28.0,4.726649404761905,5.5432,0.2809992647416715,0.0,0.0,0.3058482142857143,0.931,0.0,2.988868635,22.276649996101394,2,0,17.0901,11.57205,stable_cold_chain,LOW,0.0,99.704885
BT0048,27.666666666666668,4.782943975903613,5.5687,0.30009586971154256,0.0,0.0,0.29551927710843373,0.6678,0.0,2.6977176433333336,22.06638156883525,0,0,0.0,0.0,stable_cold_chain,LOW,0.014666,98.347646
BT0049,20.333333333333332,4.62485655737705,5.5642,0.33454751922699294,0.0,0.0,0.30287786885245904,0.5644,0.0,2.0645130483333336,21.690324632771976,2,0,11.4534,10.367750000000001,stable_cold_chain,LOW,0.0,97.365535
BT0050,26.666666666666668,4.391609375,5.1367,0.29476386074213606,0.0,0.0,0.29366499999999995,0.756,0.0,2.625369636666667,22.618596488577694,0,0,0.0,0.0,stable_cold_chain,LOW,0.061535,95.310099
BT0051,23.666666666666668,5.804246478873239,6.6094,0.3173412307169583,0.0,0.0,0.2976697183098591,0.6427,0.0,2.346380295,21.69682440173209,1,0,8.3466,8.3466,stable_cold_chain,LOW,0.007133,100.0
BT0052,29.5,4.846031638418079,5.5811,0.332082103921264,0.0,0.0,0.29373333333333335,0.5896,0.0,2.8450960099999993,20.903653422821108,3,0,17.6324,11.640600000000001,stable_cold_chain,LOW,0.018437,100.0
BT0053,26.5,5.274855974842767,5.9874,0.29500707647224966,0.0,0.0,0.30003018867924525,0.8528,0.0,2.7182155433333333,22.817117808522383,0,0,0.0,0.0,stable_cold_chain,LOW,0.033692,100.0
BT0054,35.166666666666664,3.7270156398104266,4.39,0.3016434394150255,0.0,0.0,0.2913834123222749,0.6987,0.0,3.3325553783333333,22.69144897982513,1,0,12.1802,12.1802,stable_cold_chain,LOW,0.07294,100.0
BT0055,30.166666666666668,4.605574033149171,5.3263,0.29437117292165277,0.0,0.0,0.3053209944751381,0.8382,0.0,3.2385085250000003,21.8153248186934,1,0,17.1776,17.1776,stable_cold_chain,LOW,0.04774,95.438318
BT0056,22.666666666666668,5.57661838235294,6.2258,0.28497822677464063,0.0,0.0,0.29334338235294116,0.658,0.0,2.210479681666667,22.969190268070236,2,0,15.4846,12.6303,stable_cold_chain,LOW,0.002162,100.0
BT0057,23.666666666666668,4.53265352112676,5.1648,0.31724538302547756,0.0,0.0,0.2869669014084507,0.7309,0.0,2.265504991666667,22.121496546380737,3,0,16.9416,13.792266666666668,stable_cold_chain,LOW,0.076474,99.922051
BT0058,18.0,4.057787037037038,4.6409,0.2654937500459155,0.0,0.0,0.29727037037037035,0.7152,0.0,1.841901736666667,22.402562267305967,3,0,15.9872,14.460866666666666,stable_cold_chain,LOW,0.0,99.529753
BT0059,22.666666666666668,3.144251470588235,3.8715,0.30923244849743653,0.0,0.0,0.2974830882352941,0.7389,0.0,2.303042031666666,21.000857936607684,1,0,5.6168,5.6168,stable_cold_chain,LOW,0.061239,94.846897
BT0060,25.5,4.967032026143791,5.9144,0.3274143088319765,0.0,0.0,0.2982209150326798,0.6884,0.0,2.571234806666667,23.238707743739553,3,0,15.1828,10.766399999999999,stable_cold_chain,LOW,0.0,96.271603
BT0061,33.666666666666664,5.571209405940594,6.3776,0.2927450222972973,0.0,0.0,0.30236138613861385,0.8749,0.0,3.4828105866666665,21.915054135789894,2,0,14.1692,11.74865,stable_cold_chain,LOW,0.0,100.0
BT0062,32.833333333333336,4.462358883248731,5.3551,0.2956479039867318,0.0,0.0,0.29103502538071063,0.5857,0.0,3.086674535,22.543986840328955,2,0,15.4336,10.475100000000001,stable_cold_chain,LOW,0.006492,95.832807
BT0063,18.666666666666668,4.72048125,5.4271,0.3169770692278775,0.0,0.0,0.2912464285714286,0.7083,0.0,1.8032509566666666,22.91437018750424,1,0,15.0297,15.0297,stable_cold_chain,LOW,0.046404,92.409074
BT0064,20.833333333333332,4.2016143999999995,4.9229,0.31148276426255117,0.0,0.0,0.29771919999999996,0.7416,0.0,2.1105270650000003,20.949330605042565,3,0,17.8956,14.747833333333334,stable_cold_chain,LOW,0.007578,95.71645
BT0065,19.666666666666668,3.7498677966101694,4.5811,0.34153318445150505,0.0,0.0,0.29293050847457625,0.5711,0.0,1.852292056666667,22.207163380649796,0,0,0.0,0.0,stable_cold_chain,LOW,0.023196,97.481055
BT0066,19.833333333333332,4.008138655462186,4.7243,0.29840528700490204,0.0,0.0,0.2821848739495798,0.7408,0.0,1.8004484399999996,19.34149379170392,1,0,9.6379,9.6379,stable_cold_chain,LOW,0.074964,94.408295
BT0067,25.666666666666668,4.951440909090909,5.8209,0.30448059917587234,0.0,0.0,0.30132467532467533,0.6684,0.0,2.6010792,21.931108192996522,2,0,7.4584,6.68075,stable_cold_chain,LOW,0.041181,96.74892
BT0068,33.666666666666664,5.638876732673267,6.2975,0.2902465503725858,0.0,0.0,0.29101435643564355,0.6509,0.0,3.1918832550000005,21.73098897063561,3,0,9.5444,9.070666666666668,stable_cold_chain,LOW,0.0,100.0
BT0069,31.333333333333332,5.878516489361703,6.5556,0.29714668165670355,0.0,0.0,0.29437446808510637,0.7251,0.0,3.06657684,22.70054603396247,2,0,8.1743,7.0815,stable_cold_chain,LOW,0.110703,92.410156
BT0070,18.666666666666668,5.026291071428572,5.826,0.3256058996464381,0.0,0.0,0.3142723214285715,0.6621,0.0,2.0414144583333336,21.536142438366273,1,0,13.2374,13.2374,stable_cold_chain,LOW,0.147594,89.757181
BT0071,34.333333333333336,3.9554286407766996,5.0295,0.3189370530235651,0.0,0.0,0.2862043689320388,0.644,0.0,3.132030905,21.884083944342443,0,0,0.0,0.0,stable_cold_chain,LOW,0.054503,97.560979
BT0072,19.5,4.571722222222222,5.4439,0.336956862772404,0.0,0.0,0.29500940170940165,0.7986,0.0,1.9730969183333331,22.26885432686952,0,0,0.0,0.0,stable_cold_chain,LOW,0.021898,95.247693
BT0073,30.5,4.321965027322404,5.0365,0.30941826340365153,0.0,0.0,0.29735519125683063,0.7335,0.0,2.9847481100000004,21.691630142345353,3,0,13.6473,10.9345,stable_cold_chain,LOW,0.063286,99.851576
BT0074,18.5,4.86405045045045,5.5338,0.28067120929126715,0.0,0.0,0.2993072072072072,0.6841,0.0,1.8292928916666662,20.892189785855916,1,0,5.7848,5.7848,stable_cold_chain,LOW,0.006906,98.435247
BT0075,29.333333333333332,4.199211363636364,4.9392,0.31174830809186516,0.0,0.0,0.30688125,1.0819,0.0,3.2335600116666674,21.678885440941976,3,0,16.3089,12.334133333333334,stable_cold_chain,LOW,0.098573,98.746543
BT0076,18.333333333333332,4.495977272727273,5.2374,0.3207498900046834,0.0,0.0,0.29735181818181816,0.7649,0.0,1.8298556916666664,22.25094248930996,2,0,17.5274,14.418849999999999,stable_cold_chain,LOW,0.052787,97.400406
BT0077,25.333333333333332,4.519140789473684,5.1964,0.2797013172812213,0.0,0.0,0.2979993421052632,0.8467,0.0,2.622206125,23.509646939925375,3,0,17.4334,11.643666666666666,stable_cold_chain,LOW,0.053356,100.0
BT0078,34.5,4.145862801932367,5.0849,0.3226419707249951,0.0,0.0,0.2990487922705314,0.9256,0.0,3.5595229283333327,21.73011186830839,3,0,14.018,10.7701,stable_cold_chain,LOW,0.073131,98.626108
BT0079,23.5,5.166819858156029,5.891,0.32102386275278266,0.0,0.0,0.302586524822695,0.8309,0.0,2.4783114883333335,22.412286910711792,2,0,13.0599,11.239550000000001,stable_cold_chain,LOW,0.0,100.0
BT0080,31.5,5.507236507936508,6.3357,0.29528660992416145,0.0,0.0,0.29667195767195764,0.7257,0.0,3.0892608766666663,21.564998383765072,1,0,9.4941,9.4941,stable_cold_chain,LOW,0.06958,100.0
BT0081,25.333333333333332,4.608292763157894,5.4415,0.3158452627686817,0.0,0.0,0.2880835526315789,0.8201,0.0,2.342242108333333,21.98307079036346,0,0,0.0,0.0,stable_cold_chain,LOW,0.010648,100.0
BT0082,33.0,4.720041414141414,5.5096,0.3147161796594105,0.0,0.0,0.2982944444444444,0.7018,0.0,3.2288677716666663,21.25010631546973,0,0,0.0,0.0,stable_cold_chain,LOW,0.0,96.799112
BT0083,33.5,4.369172636815921,5.3166,0.3079496534374591,0.0,0.0,0.3014159203980099,0.6349,0.0,3.389520213333333,21.77474026248591,0,0,0.0,0.0,stable_cold_chain,LOW,0.0,100.0
BT0084,32.833333333333336,4.694402538071066,5.5732,0.3164002237154112,0.0,0.0,0.30097360406091367,0.7691,0.0,3.401644543333333,21.61621022147579,2,0,9.8066,7.589449999999999,stable_cold_chain,LOW,0.0,100.0
BT0085,25.5,4.640934640522876,5.5907,0.33002601785338814,0.0,0.0,0.2948176470588236,0.718,0.0,2.463931645,21.164755756209097,3,0,15.3428,12.710266666666667,stable_cold_chain,LOW,0.054701,95.977895
BT0086,25.0,5.187652,6.0274,0.2965883166321065,0.0,0.0,0.3037533333333334,0.8359,0.0,2.65095206,22.394141792186286,2,0,7.5038,6.4802,stable_cold_chain,LOW,0.006786,100.0
BT0087,24.5,3.7124387755102037,4.3941,0.2892836309034867,0.0,0.0,0.29446734693877546,0.6405,0.0,2.3888244283333337,21.875250536695543,1,0,13.8913,13.8913,stable_cold_chain,LOW,0.112391,95.839419
BT0088,21.333333333333332,3.92717265625,4.7018,0.3105950092953754,0.0,0.0,0.30463828125000003,0.7301,0.0,2.2601087016666668,23.079910991303493,3,0,14.806,11.039033333333334,stable_cold_chain,LOW,0.10555,96.198302
BT0089,33.0,4.48035707070707,5.1532,0.29442219929873503,0.0,0.0,0.30040757575757576,0.6628,0.0,3.331354968333333,21.599612566777857,1,0,12.95,12.95,stable_cold_chain,LOW,0.052328,90.509912
BT0090,19.833333333333332,4.212503361344537,5.1111,0.2814513062748642,0.0,0.0,0.30628403361344547,0.7271,0.0,2.124233886666667,23.233184314777414,2,0,12.4934,11.245249999999999,stable_cold_chain,LOW,0.06107,96.791725
BT0091,31.333333333333332,4.394158510638298,5.1403,0.29430937456948925,0.0,0.0,0.2885393617021277,0.6458,0.0,2.9134164466666665,21.281483041154008,2,0,11.1253,8.1372,stable_cold_chain,LOW,0.0,96.753427
BT0092,21.333333333333332,4.351849218749999,5.2463,0.311311893192566,0.0,0.0,0.28126562499999996,0.6098,0.0,1.8800472533333334,21.513333274312945,1,0,5.3017,5.3017,stable_cold_chain,LOW,0.0,100.0
BT0093,32.833333333333336,5.955957360406092,6.7611,0.287946592462559,0.0,0.0,0.28790507614213195,0.6679,0.0,3.039123245,22.970171638916423,3,0,16.2889,14.782000000000002,stable_cold_chain,LOW,0.001114,100.0
BT0094,31.666666666666668,4.330102631578947,5.3405,0.3019364397098398,0.0,0.0,0.2985426315789474,0.7092,0.0,3.1905928183333336,22.032076929647708,2,0,17.7177,16.933950000000003,stable_cold_chain,LOW,0.0,97.213294
BT0095,28.333333333333332,4.723489411764706,5.63,0.28953065367470343,0.0,0.0,0.3128752941176471,0.709,0.0,3.12579494,22.784357382752265,0,0,0.0,0.0,stable_cold_chain,LOW,0.0,100.0
BT0096,19.166666666666668,3.629973043478261,4.4192,0.2962319653132422,0.0,0.0,0.29870608695652173,0.7364,0.0,1.94263349,23.29448091301601,0,0,0.0,0.0,stable_cold_chain,LOW,0.0,100.0
BT0097,18.666666666666668,5.434425892857143,6.2213,0.293382389049786,0.0,0.0,0.28398839285714284,0.6401,0.0,1.684084108333333,22.754337823406814,2,0,9.3985,8.182,stable_cold_chain,LOW,0.073151,96.46381
BT0098,19.166666666666668,4.863652173913044,5.9729,0.3385971435581063,0.0,0.0,0.28227391304347826,0.6756,0.0,1.7047960383333336,20.915668054880992,1,0,8.6625,8.6625,stable_cold_chain,LOW,0.051507,100.0
BT0099,33.0,4.526234848484848,5.3163,0.29472611570835155,0.0,0.0,0.29157777777777777,1.1177,0.0,3.314034906666667,21.907686168178937,3,0,13.9299,10.0975,stable_cold_chain,LOW,0.154215,92.677903
BT0100,19.166666666666668,3.045416521739131,3.6003,0.2802144237762388,0.0,0.0,0.29328608695652186,0.777,0.0,1.8781193916666672,23.516710324046795,0,0,0.0,0.0,stable_cold_chain,LOW,0.0,98.931032
BT0101,24.166666666666668,4.578839999999999,5.3228,0.32790356202122434,0.0,0.0,0.28726689655172416,0.5516,0.0,2.1976928150000004,22.08697051476103,2,0,9.2548,7.36725,stable_cold_chain,LOW,0.0,99.702111
BT0102,24.5,4.936379591836735,5.7497,0.2936900110264293,0.0,0.0,0.3024163265306122,0.7237,0.0,2.5265697966666663,22.39918443235724,3,0,14.7273,10.784933333333333,stable_cold_chain,LOW,0.089069,100.0
BT0103,28.5,5.24540701754386,6.0228,0.30430048679971505,0.0,0.0,0.2913280701754386,0.6277,0.0,2.700091035,21.844558587546228,1,0,13.9936,13.9936,stable_cold_chain,LOW,0.0,98.937315
BT0104,24.0,4.752722222222222,5.3976,0.29697073683100594,0.0,0.0,0.3121770833333333,0.6321,0.0,2.581410271666667,22.253942079754825,3,0,16.7566,13.523866666666665,stable_cold_chain,LOW,0.080824,100.0
BT0105,32.166666666666664,4.460081347150259,5.2165,0.29973345769605686,0.0,0.0,0.2977678756476684,0.8187,0.0,3.215704926666666,23.201780103182987,2,0,17.9169,13.34105,stable_cold_chain,LOW,0.034496,100.0
BT0106,30.333333333333332,3.769846153846154,4.5538,0.3150093669661521,0.0,0.0,0.2997835164835165,0.7824,0.0,3.0711300699999993,21.134175721178377,0,0,0.0,0.0,stable_cold_chain,LOW,0.0,98.256902
BT0107,28.166666666666668,3.9394928994082843,4.5268,0.30908959034691574,0.0,0.0,0.28648698224852076,0.7275,0.0,2.6080029616666662,21.348028987326938,2,0,16.513,14.937750000000001,stable_cold_chain,LOW,0.04813,97.616803
BT0108,25.0,4.091558,4.9543,0.29789224724610297,0.0,0.0,0.31174,0.6179,0.0,2.72474509,22.181707150781396,2,0,16.9854,11.851299999999998,stable_cold_chain,LOW,0.094986,100.0
BT0109,28.5,4.337127485380116,4.9893,0.31533786949019044,0.0,0.0,0.29713625730994153,0.9001,0.0,2.894744498333333,22.28136054915472,1,0,10.0913,10.0913,stable_cold_chain,LOW,0.06467,100.0
BT0110,31.0,4.505048387096775,5.3009,0.2566286690682105,0.0,0.0,0.3041231182795699,0.9672,0.0,3.3170200349999996,22.10908983162634,3,0,16.1446,11.786366666666666,stable_cold_chain,LOW,0.102093,96.292836
BT0111,33.166666666666664,5.0668768844221095,5.87,0.3318289867546153,0.0,0.0,0.2960502512562814,0.852,0.0,3.3127743300000003,21.995047686161538,3,0,15.3918,11.284933333333333,stable_cold_chain,LOW,0.131632,88.671388
BT0112,25.666666666666668,5.197211688311688,5.9303,0.29034679755491766,0.0,0.0,0.3019097402597402,0.7337,0.0,2.575516921666667,21.69497304868934,3,0,15.796,12.416533333333334,stable_cold_chain,LOW,0.064718,99.443428
BT0113,29.0,5.103679310344827,5.8562,0.2875518872269842,0.0,0.0,0.2908011494252874,0.6758,0.0,2.7233132266666664,23.198584122950038,3,0,13.319,10.047133333333335,stable_cold_chain,LOW,0.010209,100.0
BT0114,22.833333333333332,5.007002189781022,5.7708,0.333150647510718,0.0,0.0,0.2893824817518248,0.6584,0.0,2.1540704,21.716104258557348,3,0,11.0497,9.335233333333333,stable_cold_chain,LOW,0.0,97.110117
BT0115,20.5,3.661469918699187,4.3201,0.33046861551905776,0.0,0.0,0.306950406504065,0.7571,0.0,2.2050390983333332,22.10288344233546,1,0,14.6712,14.6712,stable_cold_chain,LOW,0.0,100.0
BT0116,20.166666666666668,3.863805785123967,4.7359,0.29929146033756987,0.0,0.0,0.2997157024793388,0.7271,0.0,2.01277178,22.21945398855312,0,0,0.0,0.0,stable_cold_chain,LOW,0.023434,98.396079
BT0117,25.833333333333332,4.200877419354838,5.022,0.31425321299425285,0.0,0.0,0.2941567741935484,0.5443,0.0,2.496636598333333,22.217000784225664,1,0,13.4683,13.4683,stable_cold_chain,LOW,0.0,100.0
BT0118,27.833333333333332,5.228898802395209,5.9315,0.28933647652045597,0.0,0.0,0.2939161676646706,0.7472,0.0,2.7118574533333333,22.382966935611332,0,0,0.0,0.0,stable_cold_chain,LOW,0.0,98.070635
BT0119,30.166666666666668,6.075248066298343,6.9573,0.30130097938078265,0.0,0.0,0.2897381215469614,0.7612,0.0,2.9081668033333328,22.29250681043478,2,0,17.9128,11.932300000000001,stable_cold_chain,LOW,0.104467,96.912023
BT0120,36.0,6.0676199074074075,6.8605,0.29769471486928106,0.0,0.0,0.29214907407407403,0.6778,0.0,3.420037303333333,22.830790192252834,3,0,11.1274,9.231866666666667,stable_cold_chain,LOW,0.117075,100.0
BT0121,19.5,5.395250427350428,12.9288,1.0758900719610074,50.0,1.6614166666666668,0.3205316239316239,0.6037,0.0,2.226790796666667,21.061343309618778,4,3,31.1378,21.3384,short_temp_excursion,LOW,0.295304,90.453531
BT0122,32.833333333333336,4.753428934010152,10.6856,0.7739917869193836,40.0,0.8334833333333334,0.283163959390863,0.6998,0.0,2.975977955,22.356393962815105,3,2,39.6378,29.49593333333333,short_temp_excursion,LOW,0.290546,89.70914
BT0123,34.333333333333336,5.5608291262135925,11.9216,0.5268514573233166,10.0,0.6535999999999998,0.3037315533980583,0.7046,0.0,3.558430831666667,21.377274035668098,1,1,27.3275,27.3275,short_temp_excursion,LOW,0.092506,96.006018
BT0124,21.833333333333332,4.276254198473282,13.4274,1.2956414677155297,40.0,1.953,0.2982702290076336,0.9318,0.0,2.259638316666667,20.87585168904855,3,2,34.8153,25.6542,short_temp_excursion,LOW,0.151314,88.291967
BT0125,24.5,5.894777551020408,15.2791,0.9140284318651954,20.0,1.6019666666666668,0.312012925170068,0.816,0.0,2.694896365,23.051761003763996,3,1,24.7847,18.009966666666667,short_temp_excursion,LOW,0.26922,89.239849
BT0126,30.666666666666668,4.944828804347827,10.5088,0.5263799271466554,10.0,0.41813333333333347,0.2994391304347826,0.6077,0.0,3.080826573333333,22.18091988483179,4,2,29.0594,21.4425,short_temp_excursion,LOW,0.135714,92.53823
BT0127,33.333333333333336,4.7270225,11.0906,0.533555149861521,10.0,0.5151,0.3036935,0.8572,0.0,3.537709351666666,22.677347446736192,0,0,0.0,0.0,short_temp_excursion,LOW,0.101302,94.826839
BT0128,24.666666666666668,3.925499324324324,12.1411,1.1330040748296646,40.0,1.3623666666666665,0.29779189189189187,0.8874,0.0,2.46194247,21.06188977650007,1,0,10.4604,10.4604,short_temp_excursion,LOW,0.121058,99.668617
BT0129,22.5,4.891854074074074,15.5767,1.4287733646973502,40.0,2.9290499999999997,0.2940244444444445,0.6279,0.0,2.166266265,22.114749581592875,4,4,34.2872,27.332575,short_temp_excursion,LOW,0.319362,87.674552
BT0130,35.666666666666664,5.079657476635514,12.1986,0.6082636569525862,20.0,0.7776500000000001,0.30282336448598135,0.9335,0.0,3.678112816666667,21.969948552299662,3,3,27.3081,26.142566666666667,short_temp_excursion,LOW,0.178218,94.074358
BT0131,32.833333333333336,4.930937055837563,14.0797,0.9955544214091319,30.0,2.0392666666666672,0.2969532994923858,0.7077,0.0,3.2306034433333326,21.55810889657299,1,1,24.2018,24.2018,short_temp_excursion,LOW,0.183316,93.058743
BT0132,27.0,5.084545679012346,15.7795,1.4178226064011217,50.0,3.6990000000000003,0.2918086419753086,0.6709,0.0,2.6049968499999996,22.911136763486105,4,1,24.3175,16.0501,short_temp_excursion,LOW,0.307322,85.777498
BT0133,24.0,4.166454166666666,9.693,0.5344916537227739,10.0,0.2821666666666666,0.29673263888888884,0.6243,0.0,2.3728620249999994,22.23171204641436,2,1,27.809,17.76855,short_temp_excursion,LOW,0.080517,99.095367
BT0134,32.5,5.277557948717948,13.8356,1.1763983923021897,70.0,3.293666666666666,0.2932723076923077,0.5775,0.0,3.0855273983333333,22.06664671901944,2,2,22.8051,22.70675,short_temp_excursion,LOW,0.222413,91.040901
BT0135,21.166666666666668,3.7968779527559056,9.0057,0.942459601750251,20.0,0.24551666666666647,0.2988535433070867,0.9458,0.0,2.2024385,21.244845492138452,2,2,30.0522,28.81355,short_temp_excursion,LOW,0.03674,97.257822
BT0136,21.333333333333332,4.84923828125,9.18,0.5234751632899319,10.0,0.19666666666666663,0.30171875000000004,0.6493,0.0,2.1711698200000003,20.970924515509722,1,1,22.7317,22.7317,short_temp_excursion,LOW,0.031395,97.14045
BT0137,33.166666666666664,4.099227135678392,10.0208,0.5245213904240691,10.0,0.33679999999999993,0.29903668341708545,0.794,0.0,3.321628765,22.002097975718247,0,0,0.0,0.0,short_temp_excursion,LOW,0.066484,96.120771
BT0138,20.5,5.781308130081301,14.0796,1.5123971648219736,80.0,4.004483333333334,0.29574471544715447,0.6917,0.0,2.02767453,22.253357243711672,0,0,0.0,0.0,short_temp_excursion,LOW,0.23578,90.889214
BT0139,31.666666666666668,5.033567894736842,9.1135,0.541797434443217,10.0,0.18558333333333335,0.2969557894736842,0.6736,0.0,3.147302966666667,22.682565982462876,4,4,37.4033,28.669075,short_temp_excursion,LOW,0.295949,88.841744
BT0140,22.833333333333332,3.90457299270073,9.4136,0.9984766909694447,30.0,0.47275000000000017,0.31077664233576646,0.7401,0.0,2.5410150799999998,22.733610894213456,2,1,39.6344,28.16955,short_temp_excursion,LOW,0.152344,96.311249
BT0141,21.333333333333332,4.951871875,14.4619,1.2066463998243164,40.0,2.0633500000000002,0.30106796874999997,0.6294,0.0,2.1717155683333336,21.756811862386833,0,0,0.0,0.0,short_temp_excursion,LOW,0.273873,90.70789
BT0142,20.0,4.509839166666667,10.5833,0.999535222682342,40.0,0.7774000000000001,0.29677333333333333,0.6515,0.0,1.9938485200000002,21.428420106604268,2,1,23.2838,20.10945,short_temp_excursion,LOW,0.05149,95.168563
BT0143,23.833333333333332,4.757056643356643,14.2663,0.9476363500659708,20.0,1.33035,0.2929580419580419,0.6977,0.0,2.3192140033333337,23.47181531320839,4,2,29.9762,20.570575,short_temp_excursion,LOW,0.151991,94.364724
BT0144,19.666666666666668,5.414230508474577,10.6866,0.9973575866655864,60.0,1.2537166666666668,0.2919220338983051,0.5826,0.0,1.8715914833333334,20.603077877085518,4,4,34.9699,26.102425,short_temp_excursion,LOW,0.263509,87.896267
BT0145,27.833333333333332,4.853104790419161,9.884,0.5657286334309398,10.0,0.31400000000000006,0.2987850299401198,0.8639,0.0,2.9084031916666664,22.04631022991015,0,0,0.0,0.0,short_temp_excursion,LOW,0.046927,98.700899
BT0146,20.833333333333332,6.1127519999999995,14.8535,0.9153807086103573,20.0,1.5377333333333332,0.2947424,0.6228,0.0,2.0343969033333336,20.662726531253107,4,2,24.8054,18.45345,short_temp_excursion,LOW,0.117481,96.412844
BT0147,33.166666666666664,4.3507190954773876,13.909,1.3115620953990794,60.0,3.1288333333333336,0.30591859296482415,0.814,0.0,3.5303715566666662,21.939214830167025,0,0,0.0,0.0,short_temp_excursion,LOW,0.277138,87.970447
BT0148,22.833333333333332,4.5784686131386865,9.2082,0.6170604061040444,10.0,0.2013666666666666,0.2942321167883212,0.7698,0.0,2.2160190533333335,22.416727457509552,2,2,34.4019,33.763549999999995,short_temp_excursion,LOW,0.094915,92.302299
BT0149,24.5,5.314614285714286,13.8473,1.0008933347180375,40.0,1.7738500000000004,0.30833401360544216,0.623,0.0,2.681104001666667,22.22193950409319,0,0,0.0,0.0,short_temp_excursion,LOW,0.032089,96.257066
BT0150,19.333333333333332,4.607165517241379,15.6811,1.2808338548816312,30.0,1.8871500000000003,0.3065318965517242,0.6052,0.0,2.055478325,21.74608030858462,3,3,24.8644,22.64646666666667,short_temp_excursion,LOW,0.233119,91.092198
BT0151,20.833333333333332,4.2630848,10.5926,1.0399192515618512,30.0,0.72155,0.2979911999999999,0.7418,0.0,2.0826155750000006,21.992998564260233,1,0,12.1211,12.1211,short_temp_excursion,LOW,0.111446,92.853886
BT0152,20.166666666666668,4.2485,10.0353,0.5948969836509719,10.0,0.33921666666666656,0.2793314049586777,0.8919,0.0,1.8307904683333334,21.741606653105062,3,3,36.2025,31.650366666666667,short_temp_excursion,LOW,0.127928,94.008319
BT0153,19.833333333333332,5.06323949579832,14.6059,1.0177373435916177,20.0,1.3392833333333334,0.3015319327731093,0.6588,0.0,2.029566355,21.706339475652506,0,0,0.0,0.0,short_temp_excursion,LOW,0.082009,97.343224
BT0154,31.833333333333332,4.3735780104712045,13.2381,1.1430372779958615,50.0,2.3386,0.30271675392670155,0.9308,0.0,3.4699630350000006,22.236283492457527,3,2,33.4623,25.0693,short_temp_excursion,LOW,0.274639,90.900585
BT0155,29.833333333333332,5.201239664804469,12.9053,0.9612955566305574,40.0,1.9178666666666666,0.2882413407821229,0.7963,0.0,2.81252138,21.845272122576596,3,3,28.3452,23.570533333333334,short_temp_excursion,LOW,0.14964,96.906426
BT0156,19.5,5.51572905982906,14.6931,1.6726951108484718,70.0,4.3359,0.28152991452991455,0.5481,0.0,1.7108358899999996,22.82602854122905,0,0,0.0,0.0,short_temp_excursion,LOW,0.195423,90.818778
BT0157,35.166666666666664,4.418848815165877,9.2771,0.7206046509512202,30.0,0.3635833333333336,0.29284928909952607,0.7422,0.0,3.427411966666667,20.856452911151653,0,0,0.0,0.0,short_temp_excursion,LOW,0.0,97.775711
BT0158,20.0,4.8011083333333335,11.1822,1.191235662004188,60.0,1.46525,0.29460000000000003,0.95,0.0,2.0005525299999998,22.50858302469544,1,1,31.858,31.858,short_temp_excursion,LOW,0.112403,97.929353
BT0159,23.333333333333332,3.9882450000000005,11.1511,0.917723546244806,30.0,0.7826833333333333,0.3104157142857143,0.8568,0.0,2.634953706666667,22.562378498107314,3,3,28.4609,24.00763333333333,short_temp_excursion,LOW,0.286502,90.335122
BT0160,32.333333333333336,5.316587113402061,12.5239,1.0376399078881764,70.0,2.5003833333333327,0.29577113402061855,0.7671,0.0,3.1975437299999996,22.295261716033462,3,3,36.1452,28.312133333333335,short_temp_excursion,LOW,0.320167,87.927662
BT0161,30.0,6.21042611111111,12.287,0.5402005253570082,10.0,0.7145,0.2882488888888889,0.9449,0.0,2.8873363733333335,22.523990910197398,0,0,0.0,0.0,short_temp_excursion,LOW,0.149325,98.968914
BT0162,34.333333333333336,4.192231067961165,12.0575,0.9785736107499224,50.0,1.4218,0.2992980582524272,0.5918,0.0,3.3401932566666668,22.15624982748308,4,3,26.0139,22.846425,short_temp_excursion,LOW,0.087678,98.766611
BT0163,25.166666666666668,4.5391218543046365,9.7459,0.5899313213921391,10.0,0.2909833333333334,0.3220834437086093,0.8532,0.0,3.0178960333333333,22.534080904591416,2,0,12.4196,9.5371,short_temp_excursion,LOW,0.060832,96.306106
BT0164,32.0,4.7032260416666665,9.2924,0.6228093365022168,30.0,0.3438666666666667,0.30289322916666667,0.698,0.0,3.364623611666667,22.074657064812786,4,3,28.4894,22.589575000000004,short_temp_excursion,LOW,0.11546,93.711335
BT0165,34.5,4.8509516908212555,12.1121,0.6258049202794218,20.0,0.7403000000000001,0.30170338164251204,0.8256,0.0,3.6060520833333336,21.8050030586877,4,2,38.4763,20.976525,short_temp_excursion,LOW,0.15221,88.561366
BT0166,26.5,4.6163,12.2224,0.7235427938907242,20.0,0.7556500000000003,0.28483144654088055,0.6558,0.0,2.3983257233333335,21.21056157520206,4,3,27.6294,20.122,short_temp_excursion,LOW,0.1595,94.856288
BT0167,21.833333333333332,5.613270229007633,13.7544,0.7764867886387262,10.0,0.9590666666666667,0.2892580152671756,0.6311,0.0,2.055446426666667,22.331076645920138,3,2,34.7875,27.305899999999998,short_temp_excursion,LOW,0.284235,96.823449
BT0168,32.5,5.725940512820514,12.2802,0.8639763796924101,50.0,2.0926,0.28379743589743595,0.7034,0.0,2.938714388333333,21.706830023795785,3,2,38.4004,28.895366666666664,short_temp_excursion,LOW,0.203114,98.20442
BT0169,19.5,5.597847008547007,15.3792,1.3770390305110747,50.0,2.9581500000000007,0.29633675213675204,0.6679,0.0,1.9241657466666664,20.892493558279902,1,1,24.9734,24.9734,short_temp_excursion,LOW,0.128438,99.960913
BT0170,25.5,4.734524836601307,13.4055,1.373224120456693,60.0,2.898,0.30043071895424833,0.5929,0.0,2.546212001666667,22.55638536912056,4,2,39.1357,25.62795,short_temp_excursion,LOW,0.235955,90.913732
BT0171,20.666666666666668,4.684879032258065,13.0431,0.790416026050695,10.0,0.8405166666666669,0.31151451612903225,0.6689,0.0,2.221826486666667,21.932184695324676,2,1,33.9179,20.403000000000002,short_temp_excursion,LOW,0.098014,95.458172
BT0172,24.333333333333332,4.990388356164384,14.6614,1.3855516348900943,60.0,3.105166666666667,0.2941239726027397,0.607,0.0,2.3785690716666665,22.116820559630472,1,0,15.852,15.852,short_temp_excursion,LOW,0.317763,93.117284
BT0173,24.0,4.88532013888889,10.926,0.6789562491611524,10.0,0.4876666666666667,0.30245069444444445,0.6738,0.0,2.4813212649999996,23.538522166700442,2,1,25.0084,20.31425,short_temp_excursion,LOW,0.052188,91.835932
BT0174,21.5,3.483842635658915,10.3522,1.021113674344898,20.0,0.5917166666666667,0.2910131782945736,0.65,0.0,2.011698131666667,22.4279039959578,4,3,33.2793,26.2641,short_temp_excursion,LOW,0.189491,94.41928
BT0175,27.166666666666668,4.299496932515337,15.9072,1.1714474411658014,30.0,2.0721333333333334,0.2915239263803681,0.6604,0.0,2.6000615633333335,22.517993701090365,2,0,18.3567,15.709900000000001,short_temp_excursion,LOW,0.135706,93.415707
BT0176,26.333333333333332,4.726838607594937,14.7734,1.5548480589500846,70.0,4.0158499999999995,0.28957215189873414,0.658,0.0,2.4691388366666662,22.368869353515535,2,2,32.4048,28.23155,short_temp_excursion,LOW,0.286589,89.030046
BT0177,18.166666666666668,5.16226880733945,13.4321,1.127778117263902,40.0,1.6107666666666667,0.2832477064220183,0.6409,0.0,1.6165127733333333,22.96894617511271,0,0,0.0,0.0,short_temp_excursion,LOW,0.180689,93.888783
BT0178,35.666666666666664,4.51597570093458,10.7067,0.7717727697328691,30.0,0.8167166666666666,0.29948457943925233,0.756,0.0,3.625889525,22.81618589322993,1,1,24.6965,24.6965,short_temp_excursion,LOW,0.246326,92.041528
BT0179,22.833333333333332,5.183080291970803,10.4188,0.7342369976619818,30.0,0.5436833333333334,0.3008970802919709,0.8024,0.0,2.391114545,21.172481859484137,4,3,35.2101,24.614874999999998,short_temp_excursion,LOW,0.198094,94.896756
BT0180,34.333333333333336,5.237605825242718,12.6845,0.9635574085531786,60.0,2.1889,0.3026849514563107,0.6958,0.0,3.595882871666666,21.725105101475215,2,1,35.3707,27.16705,short_temp_excursion,LOW,0.229553,93.764677
BT0181,22.0,5.523597727272728,11.1685,0.7007835745820001,30.0,0.7541666666666667,0.30704848484848485,0.6207,0.0,2.3163603933333334,22.004954470312793,2,2,26.5892,24.931,short_temp_excursion,LOW,0.047074,92.391607
BT0182,34.0,4.707833823529411,13.0416,1.2047941260887398,70.0,2.972683333333334,0.28296666666666664,0.6108,0.0,3.017412153333334,22.38668684650544,0,0,0.0,0.0,short_temp_excursion,LOW,0.086901,94.797397
BT0183,31.666666666666668,3.9999889473684216,12.7459,1.128204326694671,40.0,1.7992166666666665,0.3002242105263158,0.8305,0.0,3.2867367366666667,21.606734989339696,3,2,22.523,20.44843333333333,short_temp_excursion,LOW,0.337952,90.828249
BT0184,31.0,5.204912903225807,9.7983,0.6746090549628042,40.0,0.557383333333333,0.28931720430107527,0.7246,0.0,2.9843264699999996,22.034690292087973,0,0,0.0,0.0,short_temp_excursion,LOW,0.131976,97.407231
BT0185,26.666666666666668,4.69966,15.6439,1.6958429078632253,70.0,4.751366666666667,0.3092225,0.7439,0.0,2.8456036366666666,21.459125050565635,2,2,24.0135,23.31785,short_temp_excursion,LOW,0.270441,82.173044
BT0186,32.0,4.960947916666666,15.8671,0.8301078225622219,10.0,1.3111833333333334,0.2867677083333333,0.8607,0.0,2.991606143333333,21.473021465076148,1,1,35.0599,35.0599,short_temp_excursion,LOW,0.146122,93.880504
BT0187,23.333333333333332,5.7785142857142855,11.0723,0.8847942674972066,60.0,1.4576333333333336,0.3018414285714286,0.7577,0.0,2.3858396899999996,21.624694755740766,0,0,0.0,0.0,short_temp_excursion,LOW,0.216055,90.479746
BT0188,24.166666666666668,5.704216551724138,13.5256,0.8336251748476851,30.0,1.3825833333333335,0.2955834482758621,0.7076,0.0,2.40798528,22.153167974267753,2,2,36.9936,29.47315,short_temp_excursion,LOW,0.228781,86.362792
BT0189,25.666666666666668,4.54461948051948,15.2633,1.0093561643461766,20.0,1.5181333333333333,0.29027922077922075,0.7964,0.0,2.4132111633333335,22.612994168262656,4,2,23.5811,18.438274999999997,short_temp_excursion,LOW,0.315811,93.28046
BT0190,18.833333333333332,4.57276814159292,10.1469,0.7155904949810094,10.0,0.3578166666666667,0.29556371681415927,0.6595,0.0,1.8183491983333335,23.252496102565534,0,0,0.0,0.0,short_temp_excursion,LOW,0.002788,97.495306
BT0191,32.333333333333336,4.483166494845361,15.6226,1.2631161313593002,50.0,2.9907833333333342,0.29556546391752575,0.6934,0.0,3.214241815,21.710242419854932,4,2,26.8664,19.3435,short_temp_excursion,LOW,0.222082,87.532034
BT0192,34.166666666666664,4.819525365853657,16.0119,1.0839650398648732,40.0,2.4542,0.30137463414634147,0.9399,0.0,3.5463394099999994,21.94548769640444,4,3,25.665,19.741124999999997,short_temp_excursion,LOW,0.300241,90.409649
BT0193,19.166666666666668,3.4777078260869563,14.0572,1.9118853225181924,60.0,2.8959666666666664,0.30843739130434783,0.8235,0.0,2.149849741666667,21.664652352479717,3,1,30.6479,15.7943,short_temp_excursion,LOW,0.233782,88.835416
BT0194,22.333333333333332,5.1903977611940295,12.0295,0.9188128940370391,30.0,1.2644333333333335,0.3101119402985074,0.7651,0.0,2.4433057566666663,22.13084232308594,3,3,37.9024,28.812600000000003,short_temp_excursion,LOW,0.264021,91.158339
BT0195,32.5,4.379793333333334,10.304,0.6127924853146616,10.0,0.38400000000000006,0.3027974358974359,0.7247,0.0,3.3942889783333334,21.78085757175064,1,1,20.9463,20.9463,short_temp_excursion,LOW,0.058148,100.0
BT0196,27.0,4.304601851851852,12.4046,0.8466836421797945,30.0,0.9403166666666666,0.30620185185185184,0.7155,0.0,2.8532003316666663,21.615693276588647,4,3,36.6565,28.753325,short_temp_excursion,LOW,0.257155,87.811071
BT0197,28.166666666666668,4.123647928994083,12.6314,0.9637638797280649,30.0,1.2843833333333332,0.29875976331360954,0.7031,0.0,2.7750112333333328,22.180712208553825,4,3,29.9438,22.87545,short_temp_excursion,LOW,0.273072,90.055185
BT0198,22.166666666666668,4.6885398496240605,15.1608,1.1937330978334877,30.0,2.0003,0.31987744360902254,0.8437,0.0,2.5929117949999996,21.78814587026648,3,2,32.0406,21.875566666666668,short_temp_excursion,LOW,0.166105,91.047333
BT0199,25.333333333333332,5.867905263157895,14.0831,0.8726534849005884,30.0,1.6658666666666666,0.2925375,0.6941,0.0,2.4911606616666666,21.770505308781043,4,4,36.4916,27.9053,short_temp_excursion,LOW,0.1319,92.058667
BT0200,25.0,5.040741333333334,11.1968,0.8090638631724664,30.0,0.9721333333333332,0.28863333333333335,0.6264,0.0,2.309580213333333,22.49704199332002,1,0,18.3316,18.3316,short_temp_excursion,LOW,0.099485,98.384806
BT0201,28.166666666666668,4.322630177514792,12.3216,0.6719424657327427,10.0,0.7202666666666667,0.2929,0.6784,0.0,2.744380401666667,21.732358779680556,1,0,12.8014,12.8014,short_temp_excursion,LOW,0.0,100.0
BT0202,33.833333333333336,4.087147290640394,11.4774,0.6595842471166087,20.0,0.6209166666666667,0.29707536945812807,0.8516,0.0,3.3857266249999998,21.25439170290612,0,0,0.0,0.0,short_temp_excursion,LOW,0.041233,95.75592
BT0203,32.833333333333336,4.89065888324873,12.2442,0.8763023877094891,40.0,1.5130833333333333,0.30121269035532994,0.7168,0.0,3.4221846749999996,22.519956929332917,3,2,21.8358,16.564833333333333,short_temp_excursion,LOW,0.168216,92.769641
BT0204,33.5,5.141540298507462,9.8375,0.5609691578310896,20.0,0.4870000000000001,0.301334328358209,0.9198,0.0,3.518986346666666,21.397545275337784,1,0,12.9462,12.9462,short_temp_excursion,LOW,0.160699,91.883009
BT0205,20.166666666666668,5.417686776859504,12.9778,1.3246769401227294,70.0,2.6541333333333337,0.2817074380165289,0.7064,0.0,1.7888590699999998,21.99852160085749,4,2,22.1745,18.705074999999997,short_temp_excursion,LOW,0.257935,89.117429
BT0206,27.5,4.886389090909091,13.1388,0.946517098087457,30.0,1.5150666666666666,0.29848545454545455,0.5836,0.0,2.6964980749999996,23.819267134134524,1,1,28.1854,28.1854,short_temp_excursion,LOW,0.225405,92.058287
BT0207,22.0,5.2179909090909105,11.044,0.7754375580486845,30.0,0.8136500000000003,0.298339393939394,0.6005,0.0,2.16843832,21.294886575009507,4,2,36.8457,23.7997,short_temp_excursion,LOW,0.200669,94.61294
BT0208,25.0,5.103950666666666,13.4945,1.180593491582188,50.0,2.4701999999999997,0.2912506666666667,0.6262,0.0,2.3652953833333332,21.994076538579616,4,4,30.0153,26.72715,short_temp_excursion,LOW,0.264691,98.150055
BT0209,33.5,5.208934328358208,9.8385,0.4954152518914193,10.0,0.3064166666666666,0.2981094527363184,0.6382,0.0,3.32169547,22.46712925282602,0,0,0.0,0.0,short_temp_excursion,LOW,0.093854,97.082795
BT0210,32.833333333333336,4.5022223350253805,12.7818,1.0277895449651768,50.0,1.8759000000000001,0.2899588832487309,0.7983,0.0,3.124933955000001,22.88659789214862,4,3,35.7499,26.1462,short_temp_excursion,LOW,0.152804,92.876845
BT0211,32.666666666666664,4.035916326530613,12.7962,2.121361871279183,110.0,8.208316666666667,0.29303061224489796,0.6833,0.0,3.1510222733333335,21.101086506605167,5,4,38.2077,24.97138,prolonged_temp_excursion,LOW,0.43682,81.884759
BT0212,29.666666666666668,6.262540449438202,17.1489,4.3816216030223,310.0,39.19885,0.29589101123595507,0.7493,0.0,2.9621337666666667,21.50514576789673,0,0,0.0,0.0,prolonged_temp_excursion,HIGH,0.9493,63.268113
BT0213,25.333333333333332,5.493292105263158,10.0668,1.5459599645666562,180.0,4.552850000000001,0.2865434210526316,0.6663,0.0,2.3461654566666663,22.504937865496476,5,4,29.9016,21.422800000000002,prolonged_temp_excursion,LOW,0.250612,92.340856
BT0214,18.166666666666668,8.450636697247706,15.9878,3.5679847510591927,260.0,28.6939,0.30623669724770647,0.6308,0.0,1.8881987933333335,21.361433254948693,3,2,27.6668,23.820833333333336,prolonged_temp_excursion,MEDIUM,0.720562,73.174913
BT0215,22.333333333333332,6.950479104477612,15.3141,3.2312765361149394,220.0,21.979966666666662,0.2931611940298508,0.6288,0.0,2.1198734166666666,23.231422839470014,3,2,32.2106,24.984499999999997,prolonged_temp_excursion,MEDIUM,0.552677,80.101402
BT0216,24.5,4.6867911564625855,14.7038,2.966499382364347,140.0,13.118016666666668,0.2852204081632653,0.7035,0.0,2.2248075733333326,22.213298820719213,4,4,39.9596,28.552275,prolonged_temp_excursion,LOW,0.456349,84.019755
BT0217,35.0,5.19019380952381,18.7622,4.198649288204796,220.0,33.29405,0.2987280952380952,0.9031,0.0,3.550027931666667,21.027434181550774,0,0,0.0,0.0,prolonged_temp_excursion,MEDIUM,0.784284,65.955591
BT0218,19.5,6.7175615384615375,14.3658,3.0954145678424574,220.0,18.303350000000002,0.3131299145299145,0.7713,0.0,2.197370776666667,21.637345391599155,3,2,22.5148,20.6016,prolonged_temp_excursion,LOW,0.412779,80.9394
BT0219,19.666666666666668,6.261833898305086,14.6644,3.304563021759929,200.0,17.756000000000004,0.30149237288135594,0.5846,0.0,2.0092745283333335,21.087404232738173,1,0,16.1333,16.1333,prolonged_temp_excursion,MEDIUM,0.54338,80.086429
BT0220,35.0,5.35072,13.8252,3.834035359771862,410.0,34.4191,0.30373142857142854,0.8047,0.0,3.6176186766666665,22.503724447524437,4,2,30.8236,19.678575,prolonged_temp_excursion,HIGH,0.983629,67.230229
BT0221,35.333333333333336,6.390826415094342,16.0485,3.0768954816902117,240.0,26.923883333333336,0.2981268867924528,0.7449,0.0,3.5139325383333335,22.202194234046722,0,0,0.0,0.0,prolonged_temp_excursion,MEDIUM,0.592824,80.815666
BT0222,25.5,7.5838013071895425,17.2713,5.195038189156618,430.0,55.4343,0.3008967320261438,0.6106,0.0,2.5893538700000005,22.032308940947882,5,3,29.9911,21.67066,prolonged_temp_excursion,HIGH,1.091818,60.600319
BT0223,18.5,7.031175675675676,12.5623,3.0073699581934323,300.0,19.413633333333333,0.29475765765765766,0.7662,0.0,1.8063647183333333,23.52316103474567,1,1,23.8921,23.8921,prolonged_temp_excursion,MEDIUM,0.490669,87.560095
BT0224,27.5,5.112920606060606,17.9721,3.3072973204534275,110.0,17.311300000000003,0.3070533333333334,0.8659,0.0,2.9597115366666666,21.719371323963575,0,0,0.0,0.0,prolonged_temp_excursion,LOW,0.449052,84.899407
BT0225,18.666666666666668,6.362549107142859,17.837,5.029441949926232,210.0,30.100250000000003,0.3005535714285714,0.6141,0.0,1.9110462000000001,21.779457324607414,1,0,10.6152,10.6152,prolonged_temp_excursion,MEDIUM,0.666083,79.686623
BT0226,27.666666666666668,5.814117469879519,14.6072,3.6865495440641216,290.0,27.413333333333338,0.28361626506024096,0.6301,0.0,2.5224539283333334,22.378594788460017,5,3,33.75,24.21236,prolonged_temp_excursion,MEDIUM,0.785523,73.297647
BT0227,30.333333333333332,5.589847252747251,15.7338,2.7642831782246065,150.0,16.442899999999998,0.29631758241758244,0.7493,0.0,3.005209259999999,23.192846490934052,2,2,32.2099,28.9349,prolonged_temp_excursion,LOW,0.457335,87.520124
BT0228,36.0,6.046387962962963,11.4264,2.157583875980757,370.0,16.654816666666665,0.2973888888888889,0.7396,0.0,3.5936703933333334,21.75742403181651,2,2,29.5112,26.30675,prolonged_temp_excursion,MEDIUM,0.623064,77.669383
BT0229,21.166666666666668,6.087895275590551,15.1367,3.2265128605338425,180.0,17.41626666666667,0.28923464566929125,0.9782,0.0,2.103827583333333,22.40849771808843,0,0,0.0,0.0,prolonged_temp_excursion,LOW,0.362409,86.777023
BT0230,23.166666666666668,5.56995035971223,14.1404,2.7982601547866808,160.0,13.793316666666668,0.2984079136690647,0.6173,0.0,2.3113130816666665,21.551578271104393,4,4,35.7733,29.331825000000002,prolonged_temp_excursion,LOW,0.444107,80.842875
BT0231,32.666666666666664,6.517853571428573,11.9175,2.2429428823551554,350.0,18.821483333333333,0.2984428571428571,0.8434,0.0,3.2612598799999994,20.95001053233968,1,1,31.4969,31.4969,prolonged_temp_excursion,MEDIUM,0.498807,85.232405
BT0232,20.166666666666668,6.330276859504133,14.9732,3.5794221565549402,230.0,21.25885,0.3033413223140496,0.7375,0.0,2.0901466683333334,20.397412647289336,5,4,37.6909,24.575740000000003,prolonged_temp_excursion,MEDIUM,0.681909,78.722811
BT0233,24.0,6.592595833333333,15.7725,4.389857616915177,330.0,35.419,0.3008284722222222,0.6876,0.0,2.4969977283333336,22.337786947501673,1,1,34.514,34.514,prolonged_temp_excursion,HIGH,0.941594,64.513378
BT0234,20.0,7.141836666666666,17.2106,4.420524026740369,240.0,31.192216666666663,0.2937925,0.7395,0.0,2.014906425,23.27602281468977,3,3,38.4425,34.8029,prolonged_temp_excursion,MEDIUM,0.813608,71.550764
BT0235,32.166666666666664,5.559291709844559,13.8726,2.727713430360604,230.0,18.392633333333333,0.2949538860103627,0.5935,0.0,3.146027331666667,21.52207266267154,2,2,25.9526,23.09785,prolonged_temp_excursion,MEDIUM,0.558436,77.932343
BT0236,24.833333333333332,4.876603355704698,11.1466,2.0245772015134587,170.0,6.770116666666667,0.2991812080536913,0.6109,0.0,2.4889060666666665,21.000175975931104,5,3,28.7809,19.07698,prolonged_temp_excursion,LOW,0.291414,90.61545
BT0237,25.5,7.370794117647058,16.3426,4.141106291900157,340.0,39.21118333333333,0.2972241830065359,0.7731,0.0,2.572526965,20.642093485872557,4,3,34.7633,26.661625,prolonged_temp_excursion,HIGH,0.945481,67.005179
BT0238,24.166666666666668,4.646466896551724,13.843,2.411187888159612,100.0,9.093666666666667,0.2938944827586207,0.7108,0.0,2.313902618333334,20.966629828653886,3,2,35.3392,23.810399999999998,prolonged_temp_excursion,LOW,0.335982,83.934944
BT0239,21.333333333333332,6.1140476562499995,12.3432,2.4834170913646396,220.0,12.582116666666668,0.314384375,0.7033,0.0,2.3854420700000003,23.089655204948937,3,1,20.6153,15.550466666666667,prolonged_temp_excursion,LOW,0.379284,93.572538
BT0240,21.166666666666668,5.711374015748031,16.4921,3.897351226177974,170.0,21.116833333333332,0.2764881889763779,0.7759,0.0,1.77726105,23.031266118324126,0,0,0.0,0.0,prolonged_temp_excursion,MEDIUM,0.50776,81.806253
BT0241,29.666666666666668,4.559457865168539,13.1074,2.1319899764636583,110.0,8.774433333333333,0.3089241573033708,0.7397,0.0,3.1445523650000005,22.516646553618923,1,1,24.1729,24.1729,prolonged_temp_excursion,LOW,0.339345,86.02471
BT0242,30.666666666666668,4.779075543478261,10.6136,1.975996020722903,220.0,7.086383333333333,0.30484728260869565,0.8875,0.0,3.2991249116666665,21.935300923309132,3,3,28.6338,26.363833333333336,prolonged_temp_excursion,LOW,0.24754,93.895321
BT0243,29.666666666666668,6.631607303370786,13.9791,2.570429279432647,240.0,19.95515,0.3032106741573034,0.6945,0.0,3.034879315,22.365885453987644,1,0,17.3877,17.3877,prolonged_temp_excursion,LOW,0.438356,86.104037
BT0244,29.333333333333332,6.655900568181818,15.5718,2.9249080907568152,210.0,22.210800000000003,0.28730511363636363,0.9475,0.0,2.7556342683333335,23.036042205740916,3,3,30.8384,26.457333333333334,prolonged_temp_excursion,MEDIUM,0.687125,80.261101
BT0245,34.666666666666664,6.339442788461539,13.6892,2.9809344956008976,390.0,28.587449999999997,0.29910336538461535,0.975,0.0,3.5837369916666666,22.054261474656904,4,2,35.5454,24.65355,prolonged_temp_excursion,MEDIUM,0.863642,72.216959
BT0246,29.166666666666668,7.056189714285715,14.6317,2.563743574498026,230.0,21.0228,0.2987525714285714,0.7215,0.0,2.966566421666666,21.581611316889088,1,1,34.9282,34.9282,prolonged_temp_excursion,MEDIUM,0.563875,85.622795
BT0247,28.833333333333332,6.557065317919075,15.7578,4.55678842821244,410.0,44.98928333333333,0.3041549132947977,0.7432,0.0,3.019462673333334,21.28323351567286,1,1,33.9999,33.9999,prolonged_temp_excursion,MEDIUM,0.93189,67.709419
BT0248,23.166666666666668,7.474618705035973,16.8131,3.616220590389248,240.0,28.21408333333333,0.27478633093525184,0.5491,0.0,1.9443850516666668,21.879498607259404,4,3,24.1665,21.953525,prolonged_temp_excursion,MEDIUM,0.767974,72.868854
BT0249,29.5,6.177962146892655,17.2928,3.829703011391327,220.0,29.74361666666667,0.2992570621468926,0.6,0.0,2.948800428333333,21.667344244897038,5,4,25.1027,19.40802,prolonged_temp_excursion,MEDIUM,0.789196,73.220687
BT0250,23.5,7.1141985815602835,10.9748,1.7591934845338524,310.0,12.12545,0.2872156028368794,0.7579,0.0,2.23047073,22.693791054451243,1,1,27.4774,27.4774,prolonged_temp_excursion,MEDIUM,0.508836,81.873076
BT0251,29.666666666666668,6.422206179775282,18.4809,4.4970572897530845,270.0,39.55188333333333,0.2874084269662921,0.7373,0.0,2.810657115,21.399605239211407,0,0,0.0,0.0,prolonged_temp_excursion,MEDIUM,0.833498,69.663858
BT0252,35.333333333333336,6.16174103773585,16.6528,3.1989503938519173,220.0,26.633066666666668,0.28798962264150946,0.5617,0.0,3.26307378,21.69196187278349,0,0,0.0,0.0,prolonged_temp_excursion,MEDIUM,0.730167,75.620566
BT0253,21.0,7.22793888888889,17.5041,4.730660834654634,270.0,36.122166666666665,0.2892214285714286,0.7623,0.0,2.0374868516666664,22.02731453255203,1,0,14.6638,14.6638,prolonged_temp_excursion,MEDIUM,0.768076,72.329552
BT0254,31.0,5.500886559139785,10.5929,2.0934003984570664,320.0,10.482383333333333,0.28794892473118283,0.727,0.0,2.9094640349999996,22.29176278223978,0,0,0.0,0.0,prolonged_temp_excursion,LOW,0.224142,91.893597
BT0255,34.666666666666664,5.353426923076923,12.4673,2.5429943848901515,270.0,17.10781666666667,0.2993701923076923,0.661,0.0,3.48637826,21.851253454114634,4,4,38.7543,29.398900000000005,prolonged_temp_excursion,MEDIUM,0.557332,79.790639
BT0256,31.666666666666668,7.042672631578947,16.4042,4.2060630756324064,380.0,46.04411666666667,0.3036552631578947,0.7006,0.0,3.372865518333333,21.86523882822799,3,3,27.8275,23.592333333333332,prolonged_temp_excursion,HIGH,0.953902,67.548518
BT0257,23.0,6.692773188405798,14.57,2.920281314807611,220.0,18.93805,0.27933188405797105,0.6497,0.0,2.062440266666667,22.31327480047519,3,3,37.3635,27.205366666666666,prolonged_temp_excursion,MEDIUM,0.636919,73.70799
BT0258,22.666666666666668,5.943014705882353,15.3864,2.815615012315756,120.0,13.905566666666667,0.29503676470588236,0.6483,0.0,2.2284922133333334,21.814641837106322,2,1,21.4063,15.984950000000001,prolonged_temp_excursion,LOW,0.471106,82.500598
BT0259,33.0,6.367662626262626,16.4696,3.3394693397043533,240.0,28.309199999999997,0.2939949494949495,0.5868,0.0,3.20877823,21.92732052018368,5,4,34.823,25.39578,prolonged_temp_excursion,MEDIUM,0.733406,69.358047
BT0260,32.166666666666664,6.454342487046633,15.652,3.209440222971441,270.0,27.834616666666665,0.3039518134715026,0.639,0.0,3.3079199583333336,21.90917540974796,3,3,25.6779,23.599866666666667,prolonged_temp_excursion,MEDIUM,0.717826,76.4192
BT0261,30.333333333333332,5.81782087912088,17.9967,3.0586818589891167,130.0,18.63228333333333,0.2956648351648351,0.747,0.0,3.005462586666667,21.72264208964007,2,2,34.4876,33.283500000000004,prolonged_temp_excursion,MEDIUM,0.579058,77.116412
BT0262,18.5,5.706908108108109,13.4215,2.774747531933364,150.0,11.39655,0.30665315315315317,0.7365,0.0,1.9548234216666667,20.22216756952727,4,3,34.4027,24.093200000000003,prolonged_temp_excursion,LOW,0.450282,77.554377
BT0263,35.333333333333336,6.29759245283019,14.4225,2.508804724410822,230.0,20.382866666666665,0.30268679245283014,0.7489,0.0,3.660528466666667,21.73254146966143,0,0,0.0,0.0,prolonged_temp_excursion,LOW,0.44064,83.880968
BT0264,26.0,8.223269871794873,18.7287,4.916168362820001,350.0,52.83180000000001,0.30438717948717947,0.8416,0.0,2.73762819,21.616889787148015,5,2,22.9759,15.271440000000002,prolonged_temp_excursion,HIGH,0.978669,66.155149
BT0265,28.833333333333332,5.374150867052023,10.8659,2.379114292196072,330.0,11.745866666666666,0.31523236994219656,0.7501,0.0,3.2488964100000004,20.764001337774467,2,0,14.0964,12.886849999999999,prolonged_temp_excursion,MEDIUM,0.515085,82.626493
BT0266,21.666666666666668,9.485113076923076,18.1851,4.908103839137072,400.0,56.778933333333335,0.3000992307692308,0.6915,0.0,2.2067961249999994,22.575764835874153,1,1,32.2042,32.2042,prolonged_temp_excursion,HIGH,0.967386,67.282672
BT0267,35.333333333333336,5.158454716981132,10.1183,1.272577741194388,140.0,4.0761666666666665,0.30519811320754714,0.7093,0.0,3.6955764833333333,21.534206022525783,3,1,23.9813,16.618866666666666,prolonged_temp_excursion,LOW,0.323778,87.204933
BT0268,33.333333333333336,6.712744,18.8851,2.9550271259269345,120.0,20.714650000000002,0.298205,0.6526,0.0,3.3138454600000005,21.693325108215966,3,2,27.0889,23.723866666666666,prolonged_temp_excursion,MEDIUM,0.593804,78.182658
BT0269,21.666666666666668,5.745726923076923,10.3932,1.3273371364553956,120.0,3.6221000000000005,0.2959230769230769,0.861,0.0,2.164466333333333,20.689813044691153,1,0,16.3665,16.3665,prolonged_temp_excursion,LOW,0.194125,92.80187
BT0270,29.833333333333332,6.213659217877094,18.0141,4.050846506949129,230.0,32.78013333333333,0.29194078212290503,0.5335,0.0,2.800705623333333,22.542860950512345,1,1,25.9016,25.9016,prolonged_temp_excursion,MEDIUM,0.905729,71.843077
BT0271,21.833333333333332,4.952405343511449,15.877,3.037631235334507,100.0,12.453533333333333,0.2954419847328244,0.5795,0.0,2.130772125,22.392785835804006,1,0,5.1049,5.1049,prolonged_temp_excursion,LOW,0.361282,88.616472
BT0272,29.0,5.89608908045977,16.9727,3.3916114257490593,190.0,22.97951666666666,0.2944850574712644,0.585,0.0,2.7616654799999996,22.102260538169467,0,0,0.0,0.0,prolonged_temp_excursion,MEDIUM,0.672879,78.095613
BT0273,31.333333333333332,7.718382446808509,14.1592,2.9298189713265694,410.0,34.87703333333334,0.30840904255319146,0.7602,0.0,3.4581752149999994,21.10899901257953,0,0,0.0,0.0,prolonged_temp_excursion,MEDIUM,0.801976,72.656963
BT0274,21.666666666666668,6.468513076923077,17.6166,4.4529853637305195,220.0,29.43365,0.29285999999999995,0.6733,0.0,2.09778916,23.222534301817067,0,0,0.0,0.0,prolonged_temp_excursion,MEDIUM,0.619023,85.502994
BT0275,24.333333333333332,7.080152739726027,16.9034,4.255387628870553,290.0,35.79468333333333,0.2921493150684931,0.6545,0.0,2.291390256666667,21.77998053846457,1,1,27.6736,27.6736,prolonged_temp_excursion,MEDIUM,0.746298,79.110707
BT0276,20.166666666666668,6.996034710743802,11.9031,1.9908099534765442,230.0,11.519483333333335,0.2948082644628099,0.6855,0.0,1.9146979833333333,22.500938895449128,0,0,0.0,0.0,prolonged_temp_excursion,LOW,0.242433,90.086538
BT0277,29.833333333333332,5.349370391061453,10.3716,1.9274172173066833,300.0,7.451016666666666,0.29538603351955306,0.64,0.0,2.898178748333334,21.601084412094707,3,1,32.2444,21.515066666666666,prolonged_temp_excursion,LOW,0.420257,81.838353
BT0278,25.166666666666668,8.110647682119206,17.5067,5.253611960448873,430.0,59.227999999999994,0.28878940397350994,0.6068,0.0,2.3386346866666665,21.67739205704796,3,3,39.9123,32.28203333333334,prolonged_temp_excursion,HIGH,1.069001,64.666115
BT0279,35.333333333333336,6.922882547169811,11.7779,2.152232352572452,440.0,22.109750000000002,0.30346981132075473,0.8851,0.0,3.7126073866666665,21.66447425128505,0,0,0.0,0.0,prolonged_temp_excursion,MEDIUM,0.643043,74.401029
BT0280,19.166666666666668,8.045041739130436,14.9033,4.029435766132559,360.0,35.154016666666664,0.31863478260869565,0.6917,0.0,2.170099433333333,22.467113591848783,1,0,6.9994,6.9994,prolonged_temp_excursion,MEDIUM,0.865112,68.004838
BT0281,22.166666666666668,7.3860774436090235,15.345,3.8618404092555245,310.0,32.0591,0.29472857142857145,0.6542,0.0,2.1295007816666667,22.228309730750983,4,3,39.0793,25.892725000000002,prolonged_temp_excursion,MEDIUM,0.863281,68.058663
BT0282,28.833333333333332,5.687006358381503,11.8791,1.8041787562882043,160.0,8.520633333333334,0.2970832369942196,0.7536,0.0,2.8696445933333337,23.40915601169225,1,0,11.137,11.137,prolonged_temp_excursion,LOW,0.337553,83.891245
BT0283,28.5,7.955469005847953,16.786,4.335752420119434,420.0,51.843549999999986,0.2946438596491228,0.7383,0.0,2.7719711583333333,22.115393944588394,0,0,0.0,0.0,prolonged_temp_excursion,MEDIUM,0.751527,68.447139
BT0284,33.5,7.2392970149253735,14.5285,3.3179724815539533,430.0,39.19288333333334,0.29471890547263685,0.7715,0.0,3.2974908149999993,21.285869796016197,3,2,39.1939,25.193499999999997,prolonged_temp_excursion,HIGH,1.022859,64.813611
BT0285,32.166666666666664,6.5057492227979274,17.1607,3.8290985602834358,280.0,35.205816666666664,0.2995891191709844,0.8428,0.0,3.2635606516666664,22.687718180780085,3,1,28.7598,21.7954,prolonged_temp_excursion,HIGH,0.969549,72.670851
BT0286,24.333333333333332,4.857500684931507,12.9195,3.0255111577297935,210.0,14.241616666666667,0.2884972602739726,0.5622,0.0,2.2461602966666665,22.132447592909553,2,2,23.4169,23.075249999999997,prolonged_temp_excursion,MEDIUM,0.566693,83.971507
BT0287,33.666666666666664,5.6573524752475235,15.3097,2.9343715057202595,210.0,20.960233333333335,0.3079648514851485,0.6366,0.0,3.5416321650000007,22.353980372484887,4,4,30.2991,25.100199999999997,prolonged_temp_excursion,MEDIUM,0.675767,71.457151
BT0288,32.833333333333336,4.791996446700507,18.0677,3.792370450047499,170.0,25.189916666666665,0.30246192893401014,1.0099,0.0,3.52979834,21.369750970171093,4,3,33.6152,27.107400000000002,prolonged_temp_excursion,MEDIUM,0.672002,79.965567
BT0289,28.166666666666668,6.834497041420118,18.2095,4.83979465032645,320.0,45.81995,0.2977532544378698,0.581,0.0,2.748772421666667,22.079931600901784,1,1,21.5272,21.5272,prolonged_temp_excursion,MEDIUM,0.939442,70.129534
BT0290,33.333333333333336,5.499572000000001,13.586,1.8366687391350678,130.0,9.220400000000001,0.3081375,0.6622,0.0,3.579002481666667,22.678748847681973,3,2,30.0083,22.456666666666667,prolonged_temp_excursion,LOW,0.296749,90.822065
BT0291,21.0,4.031022222222222,4.7705,0.2605869129267864,0.0,0.0,0.634034126984127,5.789,90.0,37.23250714499999,14.7386,4,3,37.8161,26.290824999999998,high_vibration,LOW,0.409639,84.683736
BT0292,28.0,6.04825357142857,6.6766,0.2660032666047313,0.0,0.0,1.02745,5.9213,240.0,117.35033738666667,41.9413,0,0,0.0,0.0,high_vibration,MEDIUM,0.542428,80.726812
BT0293,28.833333333333332,3.9191341040462424,4.6682,0.26282730707745067,0.0,0.0,0.7351982658959538,5.1415,190.0,62.803797915,40.296,3,2,28.153,20.713733333333334,high_vibration,MEDIUM,0.519786,80.974705
BT0294,27.0,4.518658024691358,5.0777,0.2741922295250188,0.0,0.0,0.7661734567901235,4.4758,230.0,53.11596224833333,31.3592,1,1,28.9764,28.9764,high_vibration,LOW,0.349188,87.150784
BT0295,32.0,6.149536979166666,6.912,0.2933025846879372,0.0,0.0,0.7912265625,5.1057,220.0,82.314364455,41.06485,4,4,30.0408,25.47935,high_vibration,MEDIUM,0.547478,82.467309
BT0296,22.0,5.871196969696969,6.6466,0.30130229684110665,0.0,0.0,0.6657151515151516,3.5615,190.0,28.232856683333335,18.5303,2,2,31.8287,26.06445,high_vibration,LOW,0.421104,86.668316
BT0297,25.5,4.260564705882352,4.8975,0.2533171884614456,0.0,0.0,0.5858124183006536,3.5687,150.0,27.57830190166667,26.7372,0,0,0.0,0.0,high_vibration,LOW,0.284379,86.42958
BT0298,24.833333333333332,4.125016107382551,4.7877,0.28405667953811026,0.0,0.0,0.4700355704697986,5.1894,60.0,23.630434758333326,51.1109,2,2,28.2162,25.018900000000002,high_vibration,LOW,0.202105,92.32645
BT0299,29.0,4.933794827586207,5.6438,0.28655065814946196,0.0,0.0,0.37594540229885054,2.6729,50.0,8.234195475,26.2819,2,2,30.7518,26.2092,high_vibration,LOW,0.139304,98.420226
BT0300,21.166666666666668,5.455711023622049,6.2257,0.2915035714394325,0.0,0.0,0.5653425196850393,4.2159,100.0,25.406381875000005,35.678749999999994,0,0,0.0,0.0,high_vibration,LOW,0.380113,88.413859
BT0301,28.166666666666668,5.665243195266273,6.4599,0.28518749583237235,0.0,0.0,0.44480828402366857,4.6078,60.0,18.209672716666667,13.96095,3,1,31.364,14.183866666666667,high_vibration,LOW,0.246537,95.386806
BT0302,32.833333333333336,4.816212182741117,5.6197,0.2873845732603396,0.0,0.0,0.485702538071066,4.359,110.0,26.734840996666662,33.3421,4,3,39.0864,25.100325,high_vibration,LOW,0.298713,92.53011
BT0303,34.5,4.68147729468599,5.4533,0.28865416968702434,0.0,0.0,0.5638391304347826,5.2133,130.0,48.48325075166668,25.065,3,1,21.5941,15.183000000000002,high_vibration,LOW,0.344477,88.726954
BT0304,26.166666666666668,4.86608280254777,5.5164,0.26658959636295076,0.0,0.0,0.7367675159235668,5.3943,160.0,61.032094655,30.851100000000002,3,3,23.3624,21.659266666666667,high_vibration,LOW,0.442557,83.298172
BT0305,27.333333333333332,4.624782926829267,5.428,0.2666895988739179,0.0,0.0,0.9182201219512195,6.2921,200.0,99.00696252833335,22.48405,1,0,19.0512,19.0512,high_vibration,MEDIUM,0.572865,81.488513
BT0306,31.0,4.3880860215053765,5.1196,0.3044149522246485,0.0,0.0,0.638705376344086,5.126,150.0,57.14367336,12.8804,2,0,14.1127,10.52155,high_vibration,LOW,0.384599,87.906598
BT0307,30.0,4.19765,5.0332,0.2905883943732861,0.0,0.0,0.5309922222222222,3.4693,150.0,24.202150356666667,52.7948,3,3,33.1643,27.750866666666667,high_vibration,LOW,0.35235,89.871274
BT0308,34.166666666666664,5.5152073170731715,6.1451,0.25657117358969256,0.0,0.0,0.6372995121951218,4.9629,170.0,57.517521529999996,19.0218,2,0,15.4556,13.755500000000001,high_vibration,LOW,0.435005,82.63249
BT0309,25.333333333333332,4.042451315789474,5.0535,0.27623151688270714,0.0,0.0,0.49075197368421053,6.0965,60.0,28.246921181666664,12.15845,0,0,0.0,0.0,high_vibration,LOW,0.251171,93.358944
BT0310,22.333333333333332,4.475435820895523,5.2483,0.2857035169758781,0.0,0.0,1.0371835820895523,5.2183,230.0,80.79912277666666,10.9924,2,1,20.3493,13.57305,high_vibration,MEDIUM,0.535498,81.399058
BT0311,24.833333333333332,4.325504026845637,4.9818,0.2668547081949238,0.0,0.0,0.43402617449664427,3.3552,90.0,13.296723324999999,17.549,1,1,31.4332,31.4332,high_vibration,LOW,0.138642,94.181712
BT0312,23.166666666666668,5.130919424460431,5.8089,0.2741174938125206,0.0,0.0,0.465153237410072,3.0707,90.0,13.080697835000002,49.3259,2,2,39.2547,34.09475,high_vibration,LOW,0.344899,87.02617
BT0313,23.166666666666668,6.249830935251799,6.9885,0.2690538882796639,0.0,0.0,0.5034942446043165,3.4894,110.0,17.930260721666667,20.1997,3,2,22.0134,16.893866666666668,high_vibration,LOW,0.209884,90.953315
BT0314,35.5,4.6932286384976525,5.766,0.2918050627145558,0.0,0.0,0.6262408450704225,5.9765,140.0,68.088334475,48.041799999999995,3,3,39.6679,30.985466666666667,high_vibration,MEDIUM,0.602861,77.357036
BT0315,32.0,4.367948958333333,5.1871,0.2765673162461204,0.0,0.0,0.8494953124999999,5.8458,240.0,92.483495365,51.84645,2,1,27.7332,21.8372,high_vibration,MEDIUM,0.503436,75.851012
BT0316,24.666666666666668,4.363754054054053,5.0794,0.2396292040977844,0.0,0.0,0.7128628378378379,5.2776,160.0,47.547265401666664,16.52095,4,4,38.8764,29.984125,high_vibration,MEDIUM,0.5256,79.351691
BT0317,33.833333333333336,4.297050738916257,5.0502,0.26796548218438726,0.0,0.0,0.5004280788177341,3.8223,150.0,24.70667302166667,51.3942,4,2,33.7263,21.474449999999997,high_vibration,LOW,0.343513,80.278597
BT0318,23.666666666666668,5.284850000000001,5.9886,0.29076319505499926,0.0,0.0,0.38568028169014085,3.4066,60.0,9.854901156666665,10.52485,2,2,35.1558,32.54315,high_vibration,LOW,0.232787,95.331155
BT0319,21.833333333333332,5.016757251908397,5.6335,0.26246740111084865,0.0,0.0,0.7706137404580152,4.303,190.0,43.32611669,35.445,3,2,25.4045,19.977500000000003,high_vibration,LOW,0.409699,85.266383
BT0320,22.0,5.105488636363637,5.6959,0.25392175054762595,0.0,0.0,0.67825,5.6217,110.0,46.17702893999999,31.1463,1,1,38.544,38.544,high_vibration,LOW,0.474901,82.369593
BT0321,33.0,4.600782828282828,5.2707,0.2797877158986048,0.0,0.0,0.466920202020202,4.4351,100.0,26.87184721333334,46.578649999999996,3,3,36.7459,34.467866666666666,high_vibration,LOW,0.241732,82.599542
BT0322,33.833333333333336,5.770818226600984,6.4126,0.2762083027627549,0.0,0.0,0.583529064039409,4.1087,220.0,33.14899071666666,18.9097,1,0,15.0558,15.0558,high_vibration,LOW,0.354233,94.605977
BT0323,35.666666666666664,5.402253271028036,6.2453,0.27604298605987393,0.0,0.0,0.5290654205607477,3.7104,180.0,31.14544405666667,17.80075,0,0,0.0,0.0,high_vibration,LOW,0.371275,88.843412
BT0324,21.833333333333332,4.921535114503817,5.7406,0.25104643800330484,0.0,0.0,0.9659244274809161,5.2358,200.0,75.07366702166668,16.35275,0,0,0.0,0.0,high_vibration,MEDIUM,0.55181,79.042038
BT0325,23.833333333333332,4.481397202797203,5.3175,0.28694808061946786,0.0,0.0,0.6267363636363639,5.7961,90.0,44.23552950166667,54.2531,4,3,26.5246,22.1421,high_vibration,LOW,0.254537,86.95626
BT0326,30.833333333333332,4.53516,5.1764,0.28230207669818536,0.0,0.0,0.4732410810810811,5.4991,70.0,32.28811903,22.0773,3,2,38.9232,26.05516666666667,high_vibration,LOW,0.354929,92.152384
BT0327,29.333333333333332,4.617426136363636,5.319,0.2804698721846148,0.0,0.0,0.46729431818181816,4.4811,80.0,24.049105756666663,33.95785,0,0,0.0,0.0,high_vibration,LOW,0.193805,89.395689
BT0328,25.833333333333332,4.321396129032259,5.298,0.30784053766548825,0.0,0.0,0.47705290322580646,3.6808,100.0,17.95130259333333,24.325,4,3,38.5137,26.664475,high_vibration,LOW,0.290988,86.6612
BT0329,23.5,5.183349645390071,6.0837,0.3067813668378205,0.0,0.0,0.4503829787234042,4.4545,60.0,17.43749682333333,49.953900000000004,0,0,0.0,0.0,high_vibration,LOW,0.105723,95.67774
BT0330,21.166666666666668,5.5140385826771645,6.0975,0.25775392893505183,0.0,0.0,1.0350881889763777,6.4254,190.0,90.18697737333335,50.8657,2,1,24.9057,20.3709,high_vibration,MEDIUM,0.514973,84.28933
BT0331,30.166666666666668,5.071560220994475,5.7498,0.25824692275758737,0.0,0.0,0.4265055248618784,3.8853,70.0,16.743555051666664,47.6781,2,1,35.6703,21.76005,high_vibration,LOW,0.439054,86.399233
BT0332,24.666666666666668,5.315219594594596,6.0998,0.2675646442877097,0.0,0.0,0.4768074324324324,3.9252,90.0,19.12190083833333,49.3334,2,1,27.6487,16.67885,high_vibration,LOW,0.250833,91.695779
BT0333,27.333333333333332,5.210968902439024,5.8672,0.25395381267460054,0.0,0.0,0.7598109756097562,6.2381,150.0,73.19557599666668,20.0877,0,0,0.0,0.0,high_vibration,LOW,0.356052,83.977268
BT0334,34.833333333333336,5.66451052631579,6.5184,0.292889051751014,0.0,0.0,0.7651827751196171,6.2885,190.0,96.89530828000001,11.3022,1,0,12.6895,12.6895,high_vibration,MEDIUM,0.556151,81.527688
BT0335,31.333333333333332,4.698215425531914,5.3299,0.27578842959839855,0.0,0.0,0.8171026595744681,5.085,230.0,84.09548326166667,19.0164,3,3,39.5665,33.20813333333333,high_vibration,MEDIUM,0.604197,77.039898
BT0336,35.333333333333336,3.6950778301886786,4.3733,0.28112941579207573,0.0,0.0,0.636154245283019,4.6856,230.0,49.292386345,45.4297,4,1,30.5167,16.137475000000002,high_vibration,MEDIUM,0.588609,79.948978
BT0337,19.166666666666668,4.704681739130436,5.7173,0.30119542567766416,0.0,0.0,0.6219304347826088,3.3882,140.0,20.078945209999997,54.9422,2,2,32.5707,30.884,high_vibration,LOW,0.277852,91.186881
BT0338,21.833333333333332,5.389590839694656,6.0293,0.25906755387994984,0.0,0.0,0.585326717557252,4.4703,110.0,30.3000462,52.9363,0,0,0.0,0.0,high_vibration,LOW,0.225653,98.742169
BT0339,23.0,3.996221739130434,4.7059,0.2620029739678348,0.0,0.0,0.7323369565217391,4.8319,150.0,45.43386716166666,25.485,3,2,26.1018,22.3467,high_vibration,MEDIUM,0.617764,79.537736
BT0340,28.166666666666668,4.028388165680473,4.7174,0.2555022928176904,0.0,0.0,0.7958775147928994,5.5226,220.0,68.02214592499999,26.879199999999997,0,0,0.0,0.0,high_vibration,MEDIUM,0.488112,84.157628
BT0341,34.666666666666664,4.258314423076923,5.1358,0.2770801182101658,0.0,0.0,0.4013692307692308,3.0441,60.0,12.524424756666667,21.58275,0,0,0.0,0.0,high_vibration,LOW,0.141255,90.603288
BT0342,34.666666666666664,5.426243269230769,6.1739,0.28118791494726275,0.0,0.0,0.4586706730769231,5.431,80.0,31.529851358333342,18.9224,4,3,27.7917,23.4,high_vibration,LOW,0.312167,88.037583
BT0343,33.833333333333336,4.667247783251232,5.2468,0.2651078281089464,0.0,0.0,0.5120802955665024,5.1747,100.0,36.36012181499999,36.764,2,1,39.5348,29.1856,high_vibration,LOW,0.424208,85.553211
BT0344,26.333333333333332,5.6608379746835435,6.2731,0.2634490402065862,0.0,0.0,0.522923417721519,4.1325,110.0,24.074191295,16.9048,1,1,30.628,30.628,high_vibration,LOW,0.274054,87.929037
BT0345,28.5,4.665753801169591,5.5012,0.2923548617273357,0.0,0.0,0.5317467836257309,3.7072,130.0,27.436745891666664,39.6713,4,4,28.2844,26.592275,high_vibration,LOW,0.322142,94.844037
BT0346,21.5,4.26440542635659,5.2569,0.2891359215548033,0.0,0.0,0.691353488372093,5.1282,120.0,44.13627080333333,19.1342,1,0,14.6271,14.6271,high_vibration,LOW,0.454755,81.074794
BT0347,27.833333333333332,4.750091017964072,5.294,0.26354906685072116,0.0,0.0,0.5292868263473054,5.1822,90.0,35.18325447166667,32.7672,2,2,38.1507,34.62245,high_vibration,LOW,0.369678,96.85091
BT0348,18.166666666666668,4.852962385321101,5.4714,0.2619121600733923,0.0,0.0,0.5785844036697247,3.3312,120.0,17.797710175,37.272549999999995,2,2,34.8135,31.942899999999998,high_vibration,LOW,0.258715,93.12451
BT0349,31.333333333333332,4.662046276595745,5.4688,0.2657624547970486,0.0,0.0,0.6106382978723404,4.3908,160.0,43.35052239,28.1019,1,1,38.6895,38.6895,high_vibration,MEDIUM,0.511445,82.488919
BT0350,27.333333333333332,4.9564109756097565,5.6246,0.2773001708574749,0.0,0.0,0.6199658536585367,5.144,120.0,44.91876419666666,44.1419,1,1,24.0469,24.0469,high_vibration,LOW,0.405454,89.058921
BT0351,26.833333333333332,5.157819875776398,5.8163,0.23991985872612692,0.0,0.0,0.48398509316770183,3.5345,120.0,17.679663023333333,35.8427,1,1,33.1767,33.1767,high_vibration,LOW,0.305281,91.313923
BT0352,35.5,4.093154929577465,4.7857,0.2773788119027852,0.0,0.0,0.4852352112676056,3.6664,150.0,26.931776785000004,29.332,2,2,29.0534,27.5912,high_vibration,LOW,0.312043,84.014206
BT0353,31.666666666666668,4.480331052631579,5.1891,0.287441538282954,0.0,0.0,0.5461615789473685,4.5551,130.0,37.00523503833333,32.1939,4,4,37.3717,30.03315,high_vibration,LOW,0.450118,87.021143
BT0354,22.333333333333332,4.998926865671641,5.6354,0.25038748662291443,0.0,0.0,0.9233455223880598,5.4052,200.0,70.91239660833335,43.47255,1,0,11.6745,11.6745,high_vibration,MEDIUM,0.484031,81.802332
BT0355,31.666666666666668,5.302132105263158,6.0693,0.2829414880385388,0.0,0.0,0.6606326315789474,3.8066,240.0,42.053698419999996,23.4179,3,3,29.6555,27.101366666666667,high_vibration,LOW,0.409793,78.389672
BT0356,29.666666666666668,5.300058426966292,6.2414,0.29601265320244763,0.0,0.0,0.5671932584269662,5.6472,100.0,45.09394403666667,19.80405,2,2,27.804,26.99705,high_vibration,LOW,0.362372,87.211098
BT0357,35.0,5.297200952380954,5.9868,0.283996760040284,0.0,0.0,0.4328871428571428,3.6953,110.0,17.637708455,30.0269,4,3,28.702,23.9742,high_vibration,LOW,0.262857,89.907209
BT0358,25.333333333333332,4.711199342105263,5.3655,0.3061814796593832,0.0,0.0,0.7193098684210526,4.2632,220.0,40.836390551666675,31.02445,1,1,30.1327,30.1327,high_vibration,LOW,0.411146,86.409597
BT0359,34.166666666666664,5.406951707317073,6.2252,0.2787055128398593,0.0,0.0,0.49979073170731714,4.5474,120.0,30.71100532833333,36.27975,2,0,17.5283,16.1199,high_vibration,LOW,0.354491,84.812857
BT0360,23.166666666666668,4.961505755395684,5.8094,0.27991264844276387,0.0,0.0,0.7287021582733814,6.3826,120.0,59.40148335666667,50.97435,4,2,37.0486,22.6822,high_vibration,MEDIUM,0.540929,86.857681
BT0361,23.166666666666668,5.470871223021582,6.1788,0.2782513793445368,0.0,0.0,0.7385553956834533,3.9176,210.0,38.976871159999995,33.5874,3,2,36.5903,23.757366666666666,high_vibration,MEDIUM,0.553454,83.009316
BT0362,21.666666666666668,4.313176923076923,4.9305,0.26462506583363493,0.0,0.0,0.47107692307692317,3.6951,60.0,14.535883303333337,20.267400000000002,3,1,28.468,19.478933333333334,high_vibration,LOW,0.125964,99.900848
BT0363,36.0,3.921786574074074,4.535,0.2687330036922302,0.0,0.0,0.5333564814814815,5.9411,110.0,48.20297872999998,23.0544,4,2,26.6299,19.753549999999997,high_vibration,LOW,0.466815,86.761928
BT0364,35.666666666666664,4.247779906542056,5.1171,0.28472871547963485,0.0,0.0,0.6121906542056075,5.0546,170.0,52.388152413333316,53.7293,1,1,20.0351,20.0351,high_vibration,LOW,0.405861,84.189562
BT0365,34.666666666666664,4.922423076923076,5.8615,0.29608619902980476,0.0,0.0,0.3641038461538461,2.9181,60.0,10.167779099999999,35.9171,0,0,0.0,0.0,high_vibration,LOW,0.24008,90.534763
BT0366,30.0,4.663091666666666,5.4854,0.28441277785699665,0.0,0.0,0.586005,5.3002,130.0,45.987577314999996,46.2629,4,3,36.8848,25.069074999999998,high_vibration,LOW,0.441107,86.468466
BT0367,24.833333333333332,5.35121610738255,6.109,0.2780231271021162,0.0,0.0,0.578328187919463,5.1947,100.0,34.69551778833333,15.657,1,1,22.6808,22.6808,high_vibration,LOW,0.217252,84.895629
BT0368,32.833333333333336,5.371698984771575,6.1198,0.2778860548702563,0.0,0.0,0.41017614213197967,4.4581,60.0,18.105596535,27.8047,2,0,17.3544,17.03835,high_vibration,LOW,0.175895,98.994892
BT0369,32.5,3.893483589743589,4.5942,0.28805730152431946,0.0,0.0,0.48481435897435904,4.7221,100.0,28.463603463333335,48.8176,4,4,39.7566,29.50675,high_vibration,LOW,0.352265,82.028316
BT0370,19.666666666666668,4.662521186440677,5.2623,0.28160060394884645,0.0,0.0,0.9558474576271186,4.4373,240.0,53.09437848999998,11.4268,4,3,38.8353,26.588625,high_vibration,LOW,0.483967,81.38523
BT0371,29.166666666666668,4.562552571428571,5.3198,0.2891613336761811,0.0,0.0,0.7543411428571429,1.7867,0.0,26.071079264999998,21.541889127446876,29,18,37.0041,24.128758620689656,shock_heavy,LOW,0.318899,91.168371
BT0372,25.666666666666668,4.726844805194805,5.5404,0.3061908805470157,0.0,0.0,0.7864435064935065,1.7968,0.0,23.620064708333334,22.200768985077737,31,24,37.5971,24.247335483870962,shock_heavy,LOW,0.313214,92.625093
BT0373,26.5,5.059678616352202,5.6051,0.26105236597612613,0.0,0.0,0.4948037735849057,1.7786,0.0,11.973796413333332,20.983366595834397,14,7,39.2141,20.538821428571428,shock_heavy,LOW,0.196657,90.112666
BT0374,24.5,3.2577843537414966,4.2518,0.2762023946609064,0.0,0.0,0.8537272108843538,1.7883,0.0,25.55363231833333,21.208756229483487,34,26,38.4409,24.85149705882353,shock_heavy,LOW,0.196336,89.0578
BT0375,22.666666666666668,5.254258088235295,6.0875,0.27046326883242694,0.0,0.0,0.8826352941176472,1.7786,0.0,24.802214296666666,21.45188446392411,31,19,39.7651,23.90562258064516,shock_heavy,LOW,0.298682,93.209869
BT0376,21.666666666666668,5.152168461538462,5.7526,0.2706197050744018,0.0,0.0,0.9218469230769232,1.7975,0.0,25.423778861666666,22.811036505761503,36,27,39.6789,24.83592222222222,shock_heavy,LOW,0.374856,82.859328
BT0377,32.666666666666664,4.641229591836735,5.6016,0.29405436926443873,0.0,0.0,0.6178102040816328,1.7976,0.0,21.56628772,21.15782868425536,24,18,38.5012,24.018091666666667,shock_heavy,LOW,0.265667,92.823803
BT0378,35.666666666666664,5.102302336448598,5.8978,0.27691028093252473,0.0,0.0,0.47467710280373826,1.7509,0.0,14.396430104999999,22.345563474367392,13,9,32.1476,23.18296923076923,shock_heavy,LOW,0.174586,94.663055
BT0379,29.666666666666668,4.556907303370787,5.2487,0.27044909384649657,0.0,0.0,0.6334016853932584,1.798,0.0,19.982711141666663,22.179362227008514,21,15,39.8011,24.620657142857144,shock_heavy,LOW,0.393309,86.589542
BT0380,23.5,4.708394326241136,5.5155,0.3111696977838174,0.0,0.0,0.6583893617021276,1.7878,0.0,16.879395704999997,21.109570494291944,18,12,38.9272,24.518555555555558,shock_heavy,LOW,0.223949,88.115225
BT0381,35.0,5.027960952380952,5.8678,0.2720901490998676,0.0,0.0,0.7220828571428572,1.7995,0.0,29.056577146666662,20.657144553653556,32,24,39.9967,23.334271875,shock_heavy,LOW,0.214812,93.981215
BT0382,34.833333333333336,3.7729110047846897,4.5349,0.28801650391880745,0.0,0.0,0.6588229665071771,1.7879,0.0,24.958348356666665,21.41774676185232,27,18,39.377,24.48187407407407,shock_heavy,LOW,0.310977,84.723775
BT0383,27.333333333333332,3.674567073170731,4.2589,0.27442629805134455,0.0,0.0,0.7004792682926829,1.7747,0.0,22.373217809999996,20.342647945103312,23,18,38.9873,25.877034782608693,shock_heavy,LOW,0.199856,91.351817
BT0384,23.333333333333332,4.516405714285714,5.2715,0.27597889250847446,0.0,0.0,0.8635721428571428,1.7865,0.0,24.104291624999995,22.34524436622682,29,23,37.1487,23.579268965517233,shock_heavy,LOW,0.232213,89.051799
BT0385,25.5,5.056802614379084,5.8169,0.2943759145686555,0.0,0.0,0.49605947712418297,1.7644,0.0,10.414112724999999,22.075325778581938,10,9,38.1462,26.21035,shock_heavy,LOW,0.133304,97.747979
BT0386,22.833333333333332,5.60561094890511,6.3534,0.2714622425866891,0.0,0.0,0.6453532846715329,1.792,0.0,15.988145766666666,21.184449555209106,17,15,38.0722,26.315370588235297,shock_heavy,LOW,0.205446,92.496335
BT0387,24.833333333333332,4.683955704697986,5.4648,0.2861290597672584,0.0,0.0,0.6218409395973155,1.7959,0.0,16.371834685,21.59173998380761,20,16,39.6938,24.72326,shock_heavy,LOW,0.303467,90.199161
BT0388,31.5,4.432783068783069,5.1407,0.27042377116228183,0.0,0.0,0.8122301587301588,1.7717,0.0,30.13154631166667,21.11554235153645,36,28,38.6491,25.740397222222224,shock_heavy,LOW,0.360336,91.9149
BT0389,24.333333333333332,4.33841506849315,5.1673,0.2993860247702538,0.0,0.0,0.5662191780821918,1.7872,0.0,13.624212073333332,21.043966014237718,14,12,34.6177,25.142457142857143,shock_heavy,LOW,0.125369,94.492719
BT0390,24.333333333333332,5.472839726027397,6.3913,0.2842751383998497,0.0,0.0,0.5900965753424657,1.7733,0.0,13.816749078333334,22.999634111503042,18,15,38.5828,26.615366666666667,shock_heavy,LOW,0.111794,95.317304
BT0391,29.833333333333332,4.672280446927375,5.406,0.27146392109388345,0.0,0.0,0.659027374301676,1.7931,0.0,21.538731804999998,20.989149081315862,22,11,36.4176,18.914354545454547,shock_heavy,LOW,0.260959,87.064642
BT0392,36.0,4.365001851851852,5.1881,0.28762781763600703,0.0,0.0,0.7552652777777779,1.7701,0.0,32.14224665833333,21.672120120066182,40,33,39.0809,26.012527499999997,shock_heavy,LOW,0.432566,86.535799
BT0393,20.166666666666668,4.621666115702479,5.224,0.2628629591595883,0.0,0.0,0.9858694214876034,1.797,0.0,26.103216803333336,23.05837846712986,37,31,39.8299,26.73727027027027,shock_heavy,LOW,0.191706,100.0
BT0394,33.833333333333336,5.428379310344828,6.1503,0.2699661961424484,0.0,0.0,0.5704394088669951,1.7642,0.0,18.886944443333334,22.970325214863873,19,11,38.3231,22.202315789473683,shock_heavy,LOW,0.148246,95.879421
BT0395,21.0,5.558780952380953,6.2175,0.29896701116372754,0.0,0.0,0.5397801587301587,1.7804,0.0,10.312518428333332,21.236308161416545,10,5,25.4097,17.14392,shock_heavy,LOW,0.223031,93.589625
BT0396,18.166666666666668,3.678245871559633,4.4549,0.27075406238775024,0.0,0.0,1.0920385321100916,1.7965,0.0,26.765292183333337,22.162919606544467,36,30,39.1578,24.642633333333333,shock_heavy,LOW,0.323922,87.78225
BT0397,19.166666666666668,4.620900869565217,5.3683,0.30156893522857425,0.0,0.0,0.781868695652174,1.7897,0.0,17.660218484999994,21.378295089929676,23,16,39.6528,23.28345652173913,shock_heavy,LOW,0.34409,89.79878
BT0398,22.0,3.810720454545454,4.5478,0.2544265267934085,0.0,0.0,0.6757371212121212,1.7733,0.0,16.387320061666667,21.023941685379036,20,15,39.0706,24.50961,shock_heavy,LOW,0.241412,89.670023
BT0399,18.333333333333332,4.1231909090909085,4.7973,0.2756597222352404,0.0,0.0,1.117931818181818,1.7925,0.0,28.136377094999997,20.503700523517743,36,25,38.4391,23.559080555555553,shock_heavy,LOW,0.210893,87.30542
BT0400,28.666666666666668,6.199990116279069,6.9521,0.28988857315212085,0.0,0.0,0.5620866279069767,1.7767,0.0,15.734239858333334,21.738862965749952,15,9,38.2225,20.693139999999996,shock_heavy,LOW,0.145368,95.676012
BT0401,27.5,3.645460606060606,4.3174,0.2537577925830109,0.0,0.0,0.6542442424242424,1.7995,0.0,19.494081878333336,23.444538833328064,21,13,36.8727,23.553490476190476,shock_heavy,LOW,0.299077,88.661337
BT0402,22.333333333333332,5.203646268656716,5.928,0.3096543488628234,0.0,0.0,0.668552985074627,1.6607,0.0,15.482988551666665,20.940311751325016,20,15,29.2202,21.422295,shock_heavy,LOW,0.289622,87.254231
BT0403,19.666666666666668,5.164448305084746,5.9091,0.27390419602266436,0.0,0.0,0.5321084745762712,1.7981,0.0,9.62396265,20.438983127948635,10,7,36.4623,24.43573,shock_heavy,LOW,0.1328,94.630293
BT0404,28.0,4.626494642857143,5.3038,0.27931622616219687,0.0,0.0,0.6145761904761905,1.7805,0.0,17.04839204,23.006927008339414,20,13,32.7107,21.98543,shock_heavy,LOW,0.021443,100.0
BT0405,27.833333333333332,4.6303616766467055,5.286,0.25984496569299015,0.0,0.0,0.8501940119760478,1.7962,0.0,28.842836626666667,20.990159030438594,37,25,38.0241,22.50734054054054,shock_heavy,LOW,0.318006,91.030003
BT0406,18.166666666666668,5.3712935779816515,6.0862,0.2841601226067067,0.0,0.0,0.9978366972477066,1.7806,0.0,23.636838183333335,22.282674892083172,35,27,36.733,24.053702857142852,shock_heavy,LOW,0.293559,88.437868
BT0407,29.0,5.024037931034482,5.7831,0.26802021743152366,0.0,0.0,0.6102936781609196,1.777,0.0,17.943080341666665,23.127750020867847,21,15,35.341,23.244847619047622,shock_heavy,LOW,0.208714,84.75261
BT0408,19.833333333333332,5.159977310924369,5.7277,0.27309908887132656,0.0,0.0,0.6738680672268907,1.7737,0.0,14.419264095,23.543016526612227,16,9,39.9181,22.810050000000004,shock_heavy,LOW,0.223273,89.308141
BT0409,23.0,5.423197101449276,6.1468,0.25557170976494664,0.0,0.0,0.7783550724637682,1.7898,0.0,21.238058360000004,20.77807167806957,26,19,38.9439,24.48915,shock_heavy,LOW,0.306335,89.56853
BT0410,24.0,5.987404861111111,6.8887,0.27926421761525144,0.0,0.0,0.7614722222222222,1.79,0.0,21.56026634,21.550800753148096,27,19,38.7696,23.827740740740747,shock_heavy,LOW,0.262094,93.36597
BT0411,33.166666666666664,5.139755778894473,5.8527,0.2521748694421435,0.0,0.0,0.6951989949748743,1.7883,0.0,25.74877546333333,22.338341153282787,31,27,39.7157,26.47979677419355,shock_heavy,LOW,0.33602,89.862547
BT0412,19.333333333333332,5.626037931034483,6.3535,0.27503116646437337,0.0,0.0,0.786116379310345,1.7918,0.0,17.840695981666666,22.22175840327585,24,14,38.6574,22.7198625,shock_heavy,LOW,0.175797,94.789535
BT0413,29.333333333333332,4.0850875,4.673,0.24513396885103278,0.0,0.0,0.6821931818181818,1.7904,0.0,21.686412646666668,21.84689024728692,25,17,38.8987,24.299916,shock_heavy,LOW,0.342288,87.44783
BT0414,25.5,5.767248366013072,6.4459,0.2834462697881332,0.0,0.0,0.5359352941176471,1.7909,0.0,13.061679111666667,22.69627284029157,12,10,37.0104,24.299758333333333,shock_heavy,LOW,0.061112,97.701186
BT0415,20.5,6.153873170731708,6.8234,0.2869537386792146,0.0,0.0,0.6911105691056912,1.7781,0.0,15.09325722,19.76910374511302,17,11,37.8806,22.459505882352943,shock_heavy,LOW,0.119023,90.717976
BT0416,33.5,4.1422218905472645,4.9122,0.28690270495042147,0.0,0.0,0.626213432835821,1.7919,0.0,21.056689281666664,22.762578680046545,25,18,38.1872,24.142144,shock_heavy,LOW,0.30603,94.081902
BT0417,23.333333333333332,4.652497142857143,5.2418,0.2857950789196586,0.0,0.0,0.5560042857142857,1.7849,0.0,12.784714486666665,20.681742600561183,14,9,39.8883,26.38891428571429,shock_heavy,LOW,0.261725,90.948901
BT0418,24.333333333333332,3.840417808219178,4.6846,0.29468879398325565,0.0,0.0,0.7600849315068493,1.7979,0.0,21.554423346666674,21.641716262799655,26,17,39.1515,23.32997307692307,shock_heavy,LOW,0.200362,93.308377
BT0419,32.833333333333336,4.610285279187817,5.3952,0.2840566909824993,0.0,0.0,0.566815228426396,1.7841,0.0,18.323639993333334,21.091247353172204,20,17,38.1101,26.62317,shock_heavy,LOW,0.221637,94.468666
BT0420,31.0,4.27937688172043,5.0898,0.28348794450663845,0.0,0.0,0.6813876344086022,1.7933,0.0,22.848500721666667,22.794753169450733,25,17,38.5131,24.025932,shock_heavy,LOW,0.275639,89.484135
BT0421,30.833333333333332,3.6830837837837835,4.2572,0.26511238220138605,0.0,0.0,0.4718751351351351,1.7787,0.0,12.093882124999997,21.853642443932866,11,11,32.618,24.142990909090905,shock_heavy,LOW,0.172052,90.951007
BT0422,32.0,5.385703124999999,6.2371,0.27694520684496604,0.0,0.0,0.47816614583333333,1.6615,0.0,12.413881241666669,20.348078564163238,11,9,38.6415,26.65188181818182,shock_heavy,LOW,0.19892,95.123151
BT0423,21.833333333333332,4.399168702290075,5.2002,0.28315348226118736,0.0,0.0,0.8437557251908397,1.7828,0.0,22.134949853333335,20.983198361403545,25,22,39.4328,27.513279999999998,shock_heavy,LOW,0.245404,89.505331
BT0424,25.833333333333332,4.903751612903226,5.426,0.2713094363256354,0.0,0.0,0.5551825806451612,1.797,0.0,13.992523551666666,23.25415922035914,13,11,38.1604,26.29601538461538,shock_heavy,LOW,0.101168,100.0
BT0425,22.666666666666668,5.230186029411764,5.9923,0.2802566560506727,0.0,0.0,0.6030985294117647,1.7859,0.0,13.915963473333333,21.68539046648032,14,10,37.9337,25.042621428571433,shock_heavy,LOW,0.134478,95.717763
BT0426,18.5,5.250145045045043,5.9536,0.292898989057258,0.0,0.0,0.816872072072072,1.7963,0.0,18.187758803333335,22.97710539744609,22,17,39.051,25.451613636363632,shock_heavy,LOW,0.2417,88.622052
BT0427,29.666666666666668,3.6366089887640447,4.3795,0.2747827207578149,0.0,0.0,0.5652286516853933,1.7866,0.0,15.877990248333333,22.05676076593184,20,16,37.2573,24.596570000000003,shock_heavy,LOW,0.310966,86.539644
BT0428,29.0,4.6470379310344825,5.3979,0.2971946810531677,0.0,0.0,0.6735706896551724,1.7518,0.0,20.889397885,21.43960641518965,25,17,39.9176,24.596996,shock_heavy,LOW,0.091672,96.512329
BT0429,30.166666666666668,5.774855801104972,6.5997,0.28694181544308356,0.0,0.0,0.562724861878453,1.7879,0.0,16.900287839999997,20.826656746821616,16,9,38.2299,23.01208125,shock_heavy,LOW,0.188778,96.841508
BT0430,25.333333333333332,5.145619078947369,5.9793,0.2566810151093624,0.0,0.0,0.9533973684210527,1.7835,0.0,31.236337943333336,21.370551832597823,40,31,37.3457,24.958575000000003,shock_heavy,LOW,0.30496,87.01267
BT0431,25.666666666666668,4.159598051948052,4.9544,0.29350732473233065,0.0,0.0,0.6814201298701299,1.7799,0.0,19.261638425,22.77895905123176,20,17,36.7538,25.278265,shock_heavy,LOW,0.27043,95.677495
BT0432,25.833333333333332,6.477395483870968,7.1718,0.2594941735543148,0.0,0.0,0.6048032258064516,1.787,0.0,15.792659624999999,21.436060541493298,19,13,38.2271,23.728863157894736,shock_heavy,LOW,0.35542,82.608239
BT0433,28.333333333333332,4.320061764705882,4.9031,0.25418958118916113,0.0,0.0,0.8519835294117647,1.7928,0.0,29.914448583333336,22.640653973468936,35,24,37.4211,23.416288571428574,shock_heavy,LOW,0.22026,92.567126
BT0434,31.5,4.145786243386243,5.0167,0.28304257092107665,0.0,0.0,0.7257365079365079,1.7834,0.0,25.95308264,22.41080420325011,32,22,36.1607,24.0180125,shock_heavy,LOW,0.277332,85.859392
BT0435,24.333333333333332,6.480169863013699,7.2211,0.27566256555917446,0.0,0.0,0.6376287671232878,1.7922,0.0,16.849611786666667,23.464496299298098,21,17,36.0363,23.822828571428573,shock_heavy,LOW,0.294266,90.818589
BT0436,30.0,4.634650555555556,5.2764,0.2729186066083159,0.0,0.0,0.45042000000000004,1.7621,0.0,10.466848566666668,19.15460141653931,10,7,38.6739,24.15816,shock_heavy,LOW,0.225022,90.115659
BT0437,19.0,4.222600877192983,4.9218,0.25589292425434723,0.0,0.0,0.8410140350877193,1.7989,0.0,19.68248618,21.12535534337024,26,21,39.7984,26.44828846153846,shock_heavy,LOW,0.375016,84.738077
BT0438,22.166666666666668,4.694282706766916,5.3952,0.2749106382522371,0.0,0.0,0.8244736842105264,1.7858,0.0,21.93617087333333,21.199898690478577,26,21,38.7162,24.78383846153847,shock_heavy,LOW,0.366733,89.254106
BT0439,33.666666666666664,6.142272772277228,6.8376,0.2366041262858338,0.0,0.0,0.5726044554455445,1.7747,0.0,18.758029715000003,20.860408872722417,21,16,36.1385,24.047471428571427,shock_heavy,LOW,0.141593,99.034952
BT0440,32.5,6.21019641025641,6.9488,0.2836920237618395,0.0,0.0,0.6784251282051281,1.7895,0.0,24.318246451666667,20.779496541295654,28,22,39.6976,26.445992857142862,shock_heavy,LOW,0.154315,94.413632
BT0441,34.5,4.783242995169084,5.5693,0.2741661063149465,0.0,0.0,0.5056154589371981,1.7731,0.0,15.514581016666666,22.23865505399601,16,10,34.778,20.951637499999997,shock_heavy,LOW,0.182718,94.967716
BT0442,30.0,4.585778888888889,5.3115,0.26674484707902024,0.0,0.0,0.6787338888888889,1.7965,0.0,22.488002631666667,21.07762768198064,24,22,37.9287,25.95364166666667,shock_heavy,LOW,0.273378,83.837494
BT0443,22.5,4.738017037037037,5.7228,0.27237493644980565,0.0,0.0,0.6981592592592593,1.7946,0.0,16.868992511666665,22.77715748565866,21,15,38.6095,25.55110952380952,shock_heavy,LOW,0.309356,92.706111
BT0444,36.0,6.165527314814816,6.9242,0.2809492740299838,0.0,0.0,0.5404041666666667,1.7854,0.0,18.164566048333334,20.566221718912704,19,14,38.7976,26.842189473684215,shock_heavy,LOW,0.175914,90.047548
BT0445,28.833333333333332,5.032942774566473,5.7263,0.27185349424310545,0.0,0.0,0.5439589595375723,1.79,0.0,14.468179708333333,22.286367631926122,16,13,36.433,26.34065,shock_heavy,LOW,0.32297,86.472546
BT0446,31.833333333333332,5.022749738219895,5.7001,0.2609141564862001,0.0,0.0,0.6458089005235602,1.7872,0.0,21.91806808833333,22.136068628004068,27,20,37.5389,21.98498888888889,shock_heavy,LOW,0.288258,94.881639
BT0447,23.666666666666668,5.1481183098591545,5.9411,0.31485145427057876,0.0,0.0,0.6191507042253521,1.767,0.0,15.108684613333336,21.993062408427225,19,17,35.5409,25.57646842105263,shock_heavy,LOW,0.256303,92.74321
BT0448,29.833333333333332,5.228640223463687,5.8903,0.2889550769282859,0.0,0.0,0.5785659217877095,1.7796,0.0,16.82826465833333,22.284447250411684,19,14,38.6287,24.275636842105264,shock_heavy,LOW,0.156058,93.119495
BT0449,20.833333333333332,5.864228,6.4483,0.27640702844898857,0.0,0.0,0.8217511999999999,1.7626,0.0,20.12478587166667,21.31231753899677,24,19,37.312,25.334683333333334,shock_heavy,LOW,0.198152,95.426675
BT0450,19.666666666666668,3.7755822033898307,4.4437,0.26654674046548044,0.0,0.0,0.8641508474576272,1.7741,0.0,21.52750066666666,22.813313496089968,28,17,37.987,22.393849999999997,shock_heavy,LOW,0.312987,91.25817
BT0451,26.0,4.076919871794871,16.3828,2.162279349182243,90.0,6.26875,0.3867096153846154,4.0751,60.0,11.603517448333337,50.43485,24,19,33.5445,21.932212500000002,combined_stress,MEDIUM,0.722617,70.639623
BT0452,23.5,5.370871631205674,12.9182,1.5676267616610986,110.0,4.3,0.7615340425531913,3.5881,260.0,33.974730975,12.178899999999999,24,15,36.0369,21.955754166666665,combined_stress,HIGH,1.036523,60.917159
BT0453,30.333333333333332,5.6244467032967025,15.115,2.1176200625990727,190.0,10.667566666666668,0.722934065934066,5.0311,200.0,61.65371914666665,22.899,25,20,37.4804,26.4089,combined_stress,HIGH,1.320508,57.184005
BT0454,19.833333333333332,5.320390756302521,20.1635,2.130763941000386,60.0,5.690766666666667,0.47069747899159675,2.8125,70.0,10.046213086666665,15.2244,16,10,39.041,23.78556875,combined_stress,MEDIUM,0.78579,77.986247
BT0455,34.0,4.6061789215686275,17.8218,2.0249837131024564,100.0,8.075666666666667,0.36431470588235293,2.6551,60.0,9.779457626666668,42.2483,6,5,36.3231,25.92018333333333,combined_stress,MEDIUM,0.630239,81.194129
BT0456,27.833333333333332,5.058217365269461,13.1039,1.8875174875339173,140.0,6.614016666666667,0.851089221556886,5.1332,250.0,70.741027675,24.142,11,6,34.1666,21.850290909090912,combined_stress,HIGH,1.081327,62.247621
BT0457,35.666666666666664,4.76642476635514,10.9979,1.3056258046507065,120.0,2.817299999999999,0.5098911214953271,4.7419,130.0,34.683138764999995,49.9106,22,16,39.44,23.275599999999997,combined_stress,MEDIUM,0.889745,68.419878
BT0458,24.666666666666668,5.105251351351351,16.5202,2.7941033021416217,170.0,12.145483333333335,0.5672459459459459,5.7751,80.0,38.837420429999995,17.511049999999997,19,14,36.0098,21.38796315789474,combined_stress,HIGH,1.038752,62.723573
BT0459,24.5,4.840531972789115,13.794,1.8440907686421908,110.0,5.137366666666666,0.6222591836734693,5.1799,120.0,39.689664645,39.195499999999996,8,6,33.1505,25.2732125,combined_stress,MEDIUM,0.81997,73.444711
BT0460,32.666666666666664,4.540140306122449,9.856,1.141146867105189,70.0,1.3374166666666667,0.9190306122448979,5.4182,290.0,102.48564448,15.0039,12,8,27.8834,20.754158333333336,combined_stress,MEDIUM,0.768247,64.293942
BT0461,24.833333333333332,5.348539597315436,10.778,0.7915805186837088,40.0,0.9052000000000001,0.40474697986577185,3.4519,60.0,11.369847505,25.98765,24,17,39.1079,23.694279166666664,combined_stress,LOW,0.453592,84.679169
BT0462,29.833333333333332,5.912425698324022,14.6728,1.204353126080756,70.0,3.9711833333333337,0.4856441340782122,3.0825,110.0,16.921646508333332,28.7772,25,17,39.8385,24.271551999999996,combined_stress,MEDIUM,0.722998,69.787316
BT0463,31.666666666666668,6.320222105263158,12.4727,1.3496040890945875,170.0,6.4112833333333334,0.549291052631579,5.3075,110.0,40.36121872166666,26.6276,12,10,34.7408,26.73548333333333,combined_stress,MEDIUM,0.830977,71.208355
BT0464,33.0,4.438605555555555,10.6837,1.1628848907396423,70.0,1.790716666666667,0.5091242424242425,6.0815,100.0,42.931662849999995,37.86715,24,16,37.5479,23.547120833333334,combined_stress,MEDIUM,0.671552,74.113468
BT0465,23.0,5.457441304347826,15.0798,2.4505602589732756,160.0,10.055833333333334,0.8184043478260868,4.2677,260.0,43.18664239333332,40.1981,20,17,38.8034,27.230349999999998,combined_stress,HIGH,1.21019,57.552652
BT0466,24.833333333333332,5.10848322147651,10.363,1.0451729823369296,70.0,1.3295000000000001,0.973914765100671,5.4732,240.0,83.77623019166667,38.0941,15,9,30.1781,20.749660000000002,combined_stress,MEDIUM,0.862171,71.43048
BT0467,24.333333333333332,5.846769863013699,14.0271,2.0439309441786953,170.0,8.740666666666666,0.49736438356164386,4.9559,70.0,24.932924276666668,28.3993,20,15,39.1494,25.214165,combined_stress,HIGH,0.98359,66.951425
BT0468,21.5,4.396958914728682,12.59,1.5723250809215459,70.0,2.8048166666666665,0.5871496124031008,3.9665,130.0,22.100792118333334,16.7254,9,6,31.4483,23.298344444444446,combined_stress,MEDIUM,0.530187,81.659348
BT0469,28.833333333333332,6.902047976878613,13.5698,1.4364488800245045,170.0,8.032516666666668,0.9490341040462427,6.0173,240.0,104.33997591499998,51.24835,22,17,35.9092,22.887881818181814,combined_stress,HIGH,1.330401,53.020058
BT0470,34.166666666666664,6.623362926829268,15.6455,2.031045033279899,230.0,14.77125,0.37441560975609756,3.1805,80.0,11.897792823333333,45.78445,13,11,39.3813,25.90973076923077,combined_stress,MEDIUM,0.898366,65.21483
BT0471,20.833333333333332,5.555505599999998,13.2839,1.3823916924116117,70.0,3.2062166666666667,0.5112592,3.5959,90.0,15.209061530000001,29.8224,25,17,37.9882,23.770172,combined_stress,MEDIUM,0.630222,74.491022
BT0472,18.833333333333332,6.521883185840707,18.1632,2.379306275891367,100.0,9.269116666666665,1.4397424778761059,5.9279,300.0,108.90670306500002,10.2345,22,19,39.6172,26.016268181818187,combined_stress,HIGH,1.522394,45.173407
BT0473,25.0,5.322974666666667,14.8048,1.3106273818385183,50.0,3.1253,0.8939606666666666,6.2831,180.0,82.508619865,27.99945,17,15,38.6686,27.131129411764704,combined_stress,HIGH,0.990376,69.810842
BT0474,18.166666666666668,5.8851596330275235,19.6989,3.4926736246432704,170.0,15.127933333333335,0.4150073394495413,3.4811,50.0,8.475321083333332,10.5683,5,4,38.3688,29.134720000000005,combined_stress,MEDIUM,0.852226,69.380945
BT0475,33.166666666666664,5.5468562814070355,16.8427,2.1110044226172975,150.0,10.949933333333336,0.8575577889447238,5.2294,270.0,90.17502812666662,15.3594,24,17,39.25,23.785770833333334,combined_stress,HIGH,1.404235,43.238205
BT0476,31.0,4.815129569892473,19.718,2.4159859398706156,110.0,10.492733333333335,0.6652682795698923,6.219,140.0,62.82031034166666,30.629350000000002,16,10,35.5868,21.672237499999998,combined_stress,HIGH,1.237654,57.935154
BT0477,31.5,5.0846402116402105,15.2272,1.16295995002715,50.0,2.8381166666666666,1.0030915343915345,6.6205,260.0,133.287092865,25.195,24,21,36.6064,26.216499999999996,combined_stress,HIGH,1.16882,60.646651
BT0478,26.5,5.404774842767296,13.5157,1.2900915015555996,80.0,3.3447833333333334,0.7074874213836477,3.8743,260.0,34.278213425,19.5031,15,12,38.9269,25.481420000000007,combined_stress,MEDIUM,0.924761,67.203577
BT0479,33.5,6.055917412935323,17.5549,1.4430223319108084,80.0,5.81035,0.7319243781094528,6.2908,170.0,85.94181918333334,9.096,24,14,35.3217,22.2216,combined_stress,HIGH,1.118088,60.943744
BT0480,20.0,4.922304166666667,17.4469,2.377637179056687,90.0,6.992266666666666,0.7268633333333334,3.4351,200.0,29.494659919999997,52.964349999999996,12,11,38.9247,30.047424999999993,combined_stress,MEDIUM,0.921865,68.171653
BT0481,35.833333333333336,5.069155813953489,13.7346,1.6939260346695526,140.0,7.179283333333332,0.40445069767441855,3.8056,80.0,15.874621818333333,37.5848,9,7,38.0922,25.864177777777776,combined_stress,MEDIUM,0.56751,82.388716
BT0482,25.666666666666668,6.208344155844156,17.7793,2.7073814432194854,200.0,15.354566666666665,0.9965188311688311,6.0556,230.0,99.52288496166666,10.8774,25,21,39.728,26.98168,combined_stress,HIGH,1.571833,50.984919
BT0483,32.5,5.13165282051282,11.9102,1.2618856093590374,100.0,3.4023000000000008,0.7954902564102564,5.2003,240.0,79.68126666000002,45.169,13,10,37.6064,24.154100000000003,combined_stress,HIGH,1.044858,55.122958
BT0484,22.666666666666668,5.465613970588235,10.5999,1.2290228308302011,110.0,1.9755333333333334,0.6730382352941175,2.946,170.0,24.022682426666666,35.1492,18,11,31.5662,22.60076666666667,combined_stress,MEDIUM,0.628874,75.945545
BT0485,24.666666666666668,4.761943918918919,11.3397,1.2919585859203424,90.0,2.17225,1.3706277027027027,6.5216,300.0,158.49830413166666,34.2949,7,4,35.0557,21.835642857142858,combined_stress,MEDIUM,0.835849,76.314912
BT0486,25.333333333333332,5.8252993421052635,14.0471,1.9556344600281432,160.0,8.2575,0.44635394736842104,3.0509,70.0,11.830320050000001,34.5321,15,12,38.5065,27.883886666666662,combined_stress,MEDIUM,0.706385,71.849778
BT0487,28.333333333333332,6.01285,12.943,1.662982206556501,180.0,7.357799999999999,0.8555264705882354,5.2052,260.0,73.65334857833334,10.100100000000001,9,7,39.8442,24.861144444444445,combined_stress,HIGH,1.148946,58.823605
BT0488,21.5,5.677802325581395,16.4645,2.5481216474394683,150.0,10.551816666666667,1.470013953488372,6.6732,280.0,152.10534238333332,19.1554,6,5,38.6451,25.773933333333332,combined_stress,HIGH,1.425558,43.053152
BT0489,26.5,4.765013207547169,14.5242,1.4183195473886714,70.0,3.282966666666667,0.5935836477987422,6.4789,90.0,46.921212673333336,52.0956,18,13,39.2726,22.131305555555556,combined_stress,MEDIUM,0.844986,66.795397
BT0490,33.0,5.451481818181818,11.3965,1.3173991978277118,130.0,4.11085,0.6280530303030303,6.053,140.0,58.731728285,25.73675,17,15,38.8522,28.43629411764706,combined_stress,HIGH,0.98385,65.908128
BT0491,28.666666666666668,5.2120773255813955,15.38,1.7762438637793452,120.0,6.425833333333332,0.9845482558139533,5.9558,250.0,110.18747120166667,31.078,20,14,37.992,23.964415000000002,combined_stress,HIGH,1.287778,54.455618
BT0492,20.333333333333332,6.109593442622951,14.5919,2.3299160146946862,190.0,9.819733333333334,1.0087737704918032,5.7211,190.0,76.59727978,40.9118,14,10,33.9593,23.933757142857136,combined_stress,HIGH,1.181075,56.410824
BT0493,21.5,5.539386821705426,18.3066,2.984454187419046,150.0,12.798483333333332,1.0521798449612403,6.4655,190.0,96.25861312999999,38.7626,13,9,39.7649,27.81954615384615,combined_stress,HIGH,1.365523,52.17117
BT0494,29.333333333333332,5.574336363636363,18.1245,3.052021461677706,230.0,18.358566666666665,0.3838534090909091,3.1284,60.0,11.069831100000004,12.3248,8,6,38.3243,25.3172,combined_stress,HIGH,0.946928,67.580881
BT0495,21.166666666666668,6.031756692913387,18.7959,2.4413647544652086,110.0,9.833666666666666,0.9327488188976378,3.858,270.0,50.30796187166666,27.7312,8,6,39.6055,29.1030125,combined_stress,HIGH,1.238601,59.064224
BT0496,30.666666666666668,4.995184782608696,14.0376,1.152540277843269,50.0,2.74295,0.46351141304347826,4.8525,90.0,25.486638914999997,30.7213,18,12,38.869,23.7917,combined_stress,MEDIUM,0.644292,77.337551
BT0497,22.0,5.1347348484848485,14.7569,1.4641002361562734,50.0,3.2520666666666664,0.9303401515151515,5.3672,210.0,66.86584255833334,19.7208,14,12,39.4324,25.133371428571426,combined_stress,HIGH,1.033731,64.796529
BT0498,25.5,5.137680392156862,13.4603,1.476117779103506,90.0,3.9875999999999996,0.6809392156862745,4.5707,170.0,41.50103918166666,45.973,9,7,39.89,25.851644444444446,combined_stress,MEDIUM,0.758387,76.575422
BT0499,32.5,5.4280579487179486,15.5568,1.5586297686983641,100.0,5.913250000000001,0.5325692307692308,5.2365,110.0,40.72967164333333,34.1656,13,10,35.2686,23.65786153846154,combined_stress,MEDIUM,0.83711,68.004062
BT0500,24.166666666666668,4.943435862068966,16.4614,1.6148191939219512,50.0,4.100066666666667,0.6803310344827586,3.6325,210.0,30.03903941333333,39.0039,9,5,30.8202,20.541533333333334,combined_stress,MEDIUM,0.580012,79.155328
BT0501,18.5,5.076549549549548,14.4604,1.5900636491806683,60.0,3.275,0.742773873873874,3.8913,180.0,28.607457151666676,37.644,20,18,39.3061,26.609634999999997,combined_stress,MEDIUM,0.918559,69.851861
BT0502,27.166666666666668,3.740650306748467,10.9892,1.387022748535111,60.0,1.59315,0.378919018404908,3.0089,30.0,8.02887586,56.1535,25,17,37.0549,23.590552000000002,combined_stress,MEDIUM,0.49295,81.738607
BT0503,34.166666666666664,5.9191463414634145,11.2391,1.095608341827378,130.0,3.77985,0.7343658536585366,5.9019,210.0,73.24206331333333,24.0203,8,7,36.3621,29.724212499999997,combined_stress,HIGH,0.984273,64.053669
BT0504,19.666666666666668,5.330731355932205,13.3049,2.1793212120298477,150.0,6.374666666666667,0.8897686440677968,4.0666,270.0,38.16405675833334,32.3966,13,10,37.6709,24.076646153846152,combined_stress,HIGH,0.990524,64.072904
BT0505,30.666666666666668,4.627625,11.907,1.3744832801523919,100.0,3.0575500000000004,0.742058695652174,4.8941,210.0,63.04444029999999,47.4596,12,9,31.5008,23.35445,combined_stress,MEDIUM,0.907119,71.025068
BT0506,21.0,5.065608730158728,16.5448,2.698680985311035,130.0,9.675533333333334,0.828497619047619,3.8035,250.0,39.04669295166666,27.779,14,12,39.0141,24.3794,combined_stress,HIGH,1.209725,56.351037
BT0507,35.166666666666664,4.884881042654029,12.577,1.3079745821337345,100.0,3.9156833333333334,0.5414616113744076,6.0975,110.0,50.13424271,28.0325,19,14,36.4625,22.9191,combined_stress,MEDIUM,0.857485,70.684303
BT0508,20.5,5.278817073170732,17.8347,2.1812483856245732,70.0,6.55355,1.2167747967479672,5.3354,300.0,84.79296703833333,38.4811,16,10,38.1876,23.094375,combined_stress,HIGH,1.178159,61.205592
BT0509,31.5,5.571043386243387,19.5191,2.5771898689985875,150.0,14.112549999999999,0.7504116402116402,4.252,280.0,55.49364612,46.149249999999995,24,18,38.0007,23.407775,combined_stress,HIGH,1.436686,49.14117
BT0510,35.833333333333336,5.046681395348838,15.5529,1.7174302256374014,110.0,7.166766666666666,0.9657506976744187,6.3627,280.0,142.61094600999996,45.03785,8,3,39.9598,20.129575000000003,combined_stress,HIGH,1.168613,59.719728
BT0511,21.5,5.338783720930232,13.0606,1.679123398228724,110.0,4.4786,0.5368906976744185,4.1375,100.0,23.021691135000005,47.03895,23,16,38.375,22.945308695652177,combined_stress,MEDIUM,0.708887,73.723821
BT0512,31.833333333333332,5.607715183246074,10.5867,0.9292740261264938,90.0,1.8801166666666669,0.5505183246073299,4.8782,140.0,37.750065299999996,50.614549999999994,11,9,35.6601,25.427354545454545,combined_stress,MEDIUM,0.634146,79.840195
BT0513,30.333333333333332,4.82710989010989,14.444,1.1425532646400116,40.0,2.5667333333333335,1.044743956043956,6.3943,260.0,134.68439675666667,35.01365,22,19,39.6611,26.239190909090908,combined_stress,HIGH,1.024713,67.996653
BT0514,18.833333333333332,5.7182407079646005,11.8214,1.342695767808752,70.0,2.8976499999999996,0.5644699115044248,3.1606,120.0,15.748666981666666,28.43975,19,13,36.9368,21.917126315789474,combined_stress,MEDIUM,0.61061,82.84393
BT0515,22.333333333333332,6.322133582089552,14.7124,1.6636365559042336,130.0,6.285416666666667,1.2007582089552238,5.8455,270.0,108.18376239333335,31.9743,23,15,39.6556,24.94303913043478,combined_stress,HIGH,1.258288,51.102898
BT0516,25.5,5.2102176470588235,14.3146,2.0148847425191083,130.0,7.353733333333334,0.7014444444444445,5.369,150.0,50.410331979999995,24.9124,15,9,35.6699,22.388973333333336,combined_stress,HIGH,0.967323,65.895542
BT0517,27.166666666666668,6.136806748466258,16.1022,1.5748529852168687,90.0,6.2428,0.5120889570552147,3.8491,120.0,24.19697525166667,21.823099999999997,21,14,39.7302,26.035095238095238,combined_stress,MEDIUM,0.811925,66.428499
BT0518,30.833333333333332,6.786057297297297,16.4896,2.2333977625335777,210.0,15.809783333333334,0.9017183783783784,6.4456,230.0,108.00323807166666,54.0802,5,5,34.8095,27.932820000000003,combined_stress,HIGH,1.43064,47.883616
BT0519,33.666666666666664,5.550418811881189,17.9858,2.3069319371657717,160.0,12.766416666666666,0.707438118811881,4.9629,240.0,60.127458485,25.6659,17,11,37.7637,24.681841176470588,combined_stress,HIGH,1.410174,51.56467
BT0520,28.333333333333332,5.267794705882352,17.5524,2.0998760262078715,110.0,8.474549999999999,0.7302011764705882,6.0502,160.0,68.66707444666667,43.31325,11,9,39.1344,27.163290909090904,combined_stress,HIGH,1.149024,55.544127
BT0521,29.833333333333332,5.982799441340783,10.6202,1.1411083361871865,150.0,3.5802,0.498150279329609,5.6406,80.0,33.151336985,34.877250000000004,7,5,37.4005,25.25884285714286,combined_stress,MEDIUM,0.637515,77.779307
BT0522,32.833333333333336,4.815355837563452,13.5074,1.27840908879102,70.0,3.397983333333334,0.5659720812182741,5.9641,110.0,55.55536961833332,43.7025,15,11,29.998,23.43309333333333,combined_stress,MEDIUM,0.866112,68.598438
BT0523,26.833333333333332,6.312950310559006,14.8093,1.9719018610419357,180.0,10.3419,0.5743031055900623,3.1466,140.0,22.94806613333333,36.0822,14,10,39.1443,22.830442857142852,combined_stress,HIGH,0.990434,64.738588
BT0524,25.333333333333332,4.572242763157895,15.144,2.400465588983728,130.0,8.343666666666667,0.745670394736842,5.7551,150.0,63.863521774999995,14.4422,9,4,36.7264,18.79171111111111,combined_stress,HIGH,1.14741,59.830066
BT0525,21.666666666666668,5.551297692307693,13.0521,1.7299608783244598,120.0,5.107816666666667,0.5383776923076924,3.1143,80.0,15.848155374999997,16.5423,23,18,34.8691,25.138108695652175,combined_stress,MEDIUM,0.683525,77.693808
BT0526,23.0,6.06349420289855,14.2032,1.7297074907595162,110.0,6.400616666666667,0.7767036231884056,5.2843,170.0,53.825572148333336,12.31,16,12,36.1775,23.1129125,combined_stress,HIGH,0.99929,65.680213
BT0527,20.166666666666668,6.163495867768595,14.5612,1.4898107197095332,80.0,4.4778,1.0951074380165289,4.7229,280.0,67.35865531666666,25.174100000000003,9,8,39.3606,27.75774444444444,combined_stress,HIGH,1.051989,63.059749
BT0528,28.833333333333332,4.738665317919075,14.0528,1.6157321598344092,90.0,4.689616666666667,0.7498052023121387,4.0024,280.0,47.07156366166666,37.74365,18,15,37.7128,25.2072,combined_stress,HIGH,1.06753,70.176385
BT0529,24.166666666666668,4.321071034482759,11.039,1.052499227154585,50.0,0.9637333333333332,0.4329296551724138,4.3717,60.0,14.792743346666667,33.508700000000005,24,19,39.4036,25.43094583333333,combined_stress,MEDIUM,0.615543,78.81371
BT0530,27.833333333333332,5.494925748502993,11.6441,0.93529247197837,50.0,1.8155833333333335,0.49371317365269457,3.6533,110.0,20.007504081666664,14.193,23,16,39.068,22.5205652173913,combined_stress,LOW,0.462825,81.216282
BT0531,21.0,5.67831746031746,10.5793,1.0041926673637886,60.0,1.7285499999999998,0.7241531746031743,3.4769,190.0,27.039597291666666,10.5519,5,2,28.0,19.43206,combined_stress,MEDIUM,0.573123,82.621518
BT0532,35.5,5.01773661971831,17.1421,2.356804237095718,160.0,12.545366666666666,0.478250234741784,5.442,90.0,36.148650275,39.5254,14,11,39.3663,27.155742857142855,combined_stress,HIGH,1.008215,61.582268
BT0533,33.5,5.722546268656717,13.9638,1.4551998260820953,140.0,6.018683333333333,0.818926368159204,5.8315,240.0,89.98445377333331,14.389949999999999,25,19,39.6077,24.538472000000002,combined_stress,HIGH,1.337249,56.280244
BT0534,22.333333333333332,6.525288059701492,10.3648,0.9852747953716987,150.0,2.5306333333333337,0.7019895522388059,3.5022,200.0,26.847479913333327,15.3887,24,13,33.0796,21.75032916666667,combined_stress,MEDIUM,0.697282,78.903617
BT0535,34.166666666666664,4.876013658536586,16.5451,2.4278199036571744,180.0,12.516866666666667,0.6297190243902439,4.0515,230.0,44.16555872000001,32.5292,13,12,33.8836,24.336184615384614,combined_stress,HIGH,1.211975,58.313322
BT0536,25.166666666666668,5.586428476821192,16.2839,2.541151757260373,190.0,11.965466666666666,0.6305059602649007,6.6815,100.0,52.47005236333333,41.520700000000005,25,14,39.3921,22.706300000000006,combined_stress,HIGH,1.330109,51.779333
BT0537,28.166666666666668,4.8772195266272185,15.287,1.8798300871938671,110.0,6.39655,0.780080473372781,4.1978,280.0,53.83152709,13.3689,16,10,32.8335,21.55014375,combined_stress,HIGH,1.090704,63.245777
BT0538,26.833333333333332,6.176803105590062,13.3837,1.6117061069200933,150.0,7.0977,0.5846894409937887,4.3668,140.0,33.41075579666666,50.292550000000006,25,17,39.9699,26.028615999999996,combined_stress,HIGH,1.051169,66.56929
BT0539,23.666666666666668,5.4502964788732395,15.3019,1.6395373978446677,80.0,4.901983333333333,0.7663211267605633,4.9299,230.0,43.53320683666667,27.7628,19,15,38.4468,25.409063157894735,combined_stress,HIGH,1.062774,60.825653
BT0540,36.0,5.107013888888889,16.2287,2.070890492725932,150.0,10.380083333333333,0.646762037037037,5.1445,180.0,64.30996090000001,24.569850000000002,24,21,35.6903,26.273299999999995,combined_stress,HIGH,1.293146,54.00199
BT0541,18.833333333333332,4.318187610619469,4.9692,0.2798962327103409,0.0,0.0,0.4031690265486726,1.5349,0.0,4.9969883883333335,13.053946972556218,3,0,16.8533,14.552866666666667,drone_like_vibration,LOW,0.138001,95.423727
BT0542,31.166666666666668,4.9376684491978615,5.6873,0.2854450905160817,0.0,0.0,0.31956951871657757,1.1731,0.0,4.007373921666667,33.839352739645754,2,0,12.3231,12.1234,drone_like_vibration,LOW,0.0,100.0
BT0543,27.833333333333332,3.835082634730539,4.4656,0.28541882115743966,0.0,0.0,0.33291017964071856,1.3156,0.0,4.249351529999999,38.95289595592127,3,0,17.1114,12.094999999999999,drone_like_vibration,LOW,0.018853,97.968113
BT0544,27.5,4.652721818181819,5.2696,0.28005540016277236,0.0,0.0,0.3118533333333333,1.1327,0.0,3.273970233333334,28.23678922976789,0,0,0.0,0.0,drone_like_vibration,LOW,0.0,100.0
BT0545,29.833333333333332,4.585997765363129,5.2743,0.2803938172150673,0.0,0.0,0.30800167597765366,1.2251,0.0,3.5483027316666664,32.1767596525875,1,0,9.079,9.079,drone_like_vibration,LOW,0.0,99.506273
BT0546,30.833333333333332,4.889468108108108,5.6522,0.294240805793007,0.0,0.0,0.30811405405405407,0.965,0.0,3.606297951666667,18.90188111269056,2,0,15.8069,12.03855,drone_like_vibration,LOW,0.157482,94.677241
BT0547,35.0,4.924756666666666,5.7035,0.29530239509830203,0.0,0.0,0.297177619047619,0.7659,0.0,3.518643605,27.40029568480106,2,0,13.1544,10.77255,drone_like_vibration,LOW,0.097917,98.068567
BT0548,18.5,5.592522522522524,6.2069,0.26699301360252065,0.0,0.0,0.3111927927927927,0.9783,0.0,2.1297517999999998,45.868065347828406,1,0,12.6413,12.6413,drone_like_vibration,LOW,0.077885,89.771722
BT0549,20.333333333333332,5.135962295081967,5.9038,0.25386570779593803,0.0,0.0,0.3187262295081968,0.7774,0.0,2.407682653333333,48.30545150830744,2,0,9.0346,7.985099999999999,drone_like_vibration,LOW,0.045333,97.220193
BT0550,27.166666666666668,4.436890797546013,5.3766,0.2758502523008742,0.0,0.0,0.31051349693251534,1.3058,0.0,3.1325819783333335,38.08195869342366,2,0,17.4518,12.772499999999999,drone_like_vibration,LOW,0.023015,94.327398
BT0551,32.833333333333336,3.0337878172588835,3.9544,0.2996191143079617,0.0,0.0,0.3140837563451777,1.2053,0.0,4.095490518333334,31.94269567045198,1,0,17.1974,17.1974,drone_like_vibration,LOW,0.0834,97.615476
BT0552,31.833333333333332,4.297988481675393,5.0377,0.2968838374791282,0.0,0.0,0.3087020942408377,0.8269,0.0,3.493953695,20.2735327266156,3,0,15.0371,10.962733333333333,drone_like_vibration,LOW,0.078389,94.009743
BT0553,21.0,5.331733333333333,6.1627,0.2882194682958837,0.0,0.0,0.3458531746031746,1.3157,0.0,3.506032135,58.21624606281325,0,0,0.0,0.0,drone_like_vibration,LOW,0.13952,94.173682
BT0554,32.166666666666664,4.070275647668394,4.7199,0.259802597396981,0.0,0.0,0.38643834196891197,1.6623,0.0,7.604699923333333,46.41836485744246,3,0,16.7857,13.212266666666665,drone_like_vibration,LOW,0.127844,90.95899
BT0555,35.666666666666664,4.793048130841123,5.4772,0.28946065939541377,0.0,0.0,0.33108831775700936,1.2687,0.0,4.836509555,48.07379807426438,0,0,0.0,0.0,drone_like_vibration,LOW,0.0,97.859661
BT0556,20.5,4.290190243902439,4.908,0.2764089333603455,0.0,0.0,0.34582276422764235,1.2399,0.0,3.1509578066666672,58.664893613870746,2,0,15.2908,13.03725,drone_like_vibration,LOW,0.0,100.0
BT0557,20.833333333333332,5.467056799999999,6.1161,0.2672899185037849,0.0,0.0,0.3537863999999999,1.1017,0.0,3.439698121666666,39.576315020231775,0,0,0.0,0.0,drone_like_vibration,LOW,0.074644,100.0
BT0558,28.666666666666668,4.445303488372093,5.1133,0.2728005150917844,0.0,0.0,0.28687848837209307,0.8106,0.0,2.6987608450000002,37.11052470620715,2,0,17.544,12.0027,drone_like_vibration,LOW,0.009574,97.619119
BT0559,28.166666666666668,3.8343349112426037,4.5829,0.2723699210081072,0.0,0.0,0.3188153846153846,1.0528,0.0,3.467328803333333,45.09832534880239,2,0,11.5061,11.0902,drone_like_vibration,LOW,0.021904,95.014752
BT0560,30.666666666666668,5.505659782608696,6.2159,0.25493025284839,0.0,0.0,0.3459179347826087,1.0569,0.0,4.435427911666666,17.86276982466307,0,0,0.0,0.0,drone_like_vibration,LOW,0.0,100.0
BT0561,26.333333333333332,4.720317088607595,5.3492,0.2758842160351813,0.0,0.0,0.34587974683544304,1.6993,0.0,4.498378043333333,64.49607899764617,0,0,0.0,0.0,drone_like_vibration,LOW,0.163802,92.656614
BT0562,22.5,4.832037777777778,5.5453,0.30188795244610006,0.0,0.0,0.42330296296296294,1.7573,0.0,6.573135298333333,12.815796551734753,1,0,16.0196,16.0196,drone_like_vibration,LOW,0.093114,94.682864
BT0563,26.666666666666668,4.09648,5.0675,0.2884144848997706,0.0,0.0,0.36223187500000004,1.5074,0.0,5.222041371666667,41.554383642080595,0,0,0.0,0.0,drone_like_vibration,LOW,0.098635,99.945771
BT0564,27.166666666666668,4.304400613496932,5.1312,0.2597324327560778,0.0,0.0,0.3084398773006135,0.8698,0.0,2.974622455,40.798847504835365,0,0,0.0,0.0,drone_like_vibration,LOW,0.036876,94.253047
BT0565,18.5,4.0289954954954945,4.9736,0.2861026233028815,0.0,0.0,0.36638558558558565,1.2129,0.0,3.5893734066666663,42.48691846304893,1,0,13.3606,13.3606,drone_like_vibration,LOW,0.0,98.703975
BT0566,23.833333333333332,4.963137062937064,5.5394,0.2539670463944303,0.0,0.0,0.33751748251748254,1.3814,0.0,3.9519241833333334,15.333828195840555,0,0,0.0,0.0,drone_like_vibration,LOW,0.012819,95.083886
BT0567,34.166666666666664,5.567486341463414,6.4118,0.2866467002082418,0.0,0.0,0.31162243902439024,1.1749,0.0,4.19719886,30.439162078766543,1,0,11.2786,11.2786,drone_like_vibration,LOW,0.036053,96.706369
BT0568,32.833333333333336,5.096791370558376,5.8596,0.2886618703739139,0.0,0.0,0.3738390862944162,1.5001,0.0,6.993477385000001,13.941554760644989,0,0,0.0,0.0,drone_like_vibration,LOW,0.0,99.766276
BT0569,22.166666666666668,4.497925563909774,5.1008,0.26107632267936465,0.0,0.0,0.31777443609022554,0.8193,0.0,2.58421597,19.869112184889744,3,0,16.8956,13.664666666666667,drone_like_vibration,LOW,0.013892,93.86508
BT0570,32.833333333333336,4.456061421319797,5.2485,0.27907274988783753,0.0,0.0,0.3494781725888325,1.6352,0.0,5.9969111999999996,15.62550710498309,3,0,17.6286,13.593533333333333,drone_like_vibration,LOW,0.066335,96.044967
BT0571,22.5,5.641417037037037,6.2052,0.2935355879845629,0.0,0.0,0.3433962962962963,1.0419,0.0,3.483616948333333,59.64709219814829,1,0,15.954,15.954,drone_like_vibration,LOW,0.157869,98.034208
BT0572,35.666666666666664,4.285696261682243,4.883,0.2658588926990152,0.0,0.0,0.31729859813084116,0.8641,0.0,4.160461768333334,28.14410261537119,1,0,11.5531,11.5531,drone_like_vibration,LOW,0.070266,96.0009
BT0573,31.833333333333332,3.894675392670157,4.5913,0.279189157802143,0.0,0.0,0.33215602094240837,1.1599,0.0,4.5894056800000005,37.48065246375909,1,0,9.4039,9.4039,drone_like_vibration,LOW,0.081646,94.155807
BT0574,30.833333333333332,4.055030270270271,4.7098,0.27389447218686536,0.0,0.0,0.3106881081081081,0.8482,0.0,3.4442072783333333,20.52071454267028,1,0,13.8236,13.8236,drone_like_vibration,LOW,0.141647,90.947319
BT0575,35.0,5.710958571428572,6.5849,0.25952104061476156,0.0,0.0,0.32948619047619043,1.2605,0.0,5.244993261666667,63.34989643305382,1,0,17.4467,17.4467,drone_like_vibration,LOW,0.098176,93.890983
BT0576,28.166666666666668,4.8894710059171596,5.6258,0.28208479764898464,0.0,0.0,0.34704260355029587,1.1177,0.0,4.345163396666666,63.623324563408836,3,0,13.2672,10.651833333333334,drone_like_vibration,LOW,0.0,100.0
BT0577,23.333333333333332,4.409050714285715,5.021,0.25922908305105313,0.0,0.0,0.3231357142857143,1.0993,0.0,3.1033651166666667,52.847604430729376,0,0,0.0,0.0,drone_like_vibration,LOW,0.0,100.0
BT0578,30.833333333333332,4.035688648648649,4.6763,0.275706264828606,0.0,0.0,0.36824486486486485,1.4157,0.0,5.910518015,42.9905304035657,3,0,11.9418,9.4951,drone_like_vibration,LOW,0.124061,91.606252
BT0579,29.5,4.396258757062148,4.9959,0.2706268413924808,0.0,0.0,0.3627632768361582,1.405,0.0,5.720060481666667,14.7371300175435,3,0,15.1217,11.795,drone_like_vibration,LOW,0.034266,100.0
BT0580,27.5,5.0911412121212125,5.8802,0.2905806890469764,0.0,0.0,0.3091751515151515,1.3973,0.0,3.435821525,18.572415808483143,3,0,14.7822,13.451866666666666,drone_like_vibration,LOW,0.042183,99.91437
BT0581,35.0,3.5115857142857143,4.4135,0.2970458163886736,0.0,0.0,0.3187542857142857,1.5086,0.0,5.026282453333333,62.3778877707423,3,0,16.2497,14.1723,drone_like_vibration,LOW,0.0,98.979882
BT0582,27.0,5.222125308641976,6.0138,0.29347905267577895,0.0,0.0,0.3174358024691358,0.7479,0.0,3.2059137900000008,49.733822306369674,3,0,13.2708,12.174433333333333,drone_like_vibration,LOW,0.0,97.405569
BT0583,26.166666666666668,4.125118471337579,4.804,0.3093888036507055,0.0,0.0,0.3120802547770701,0.7393,0.0,2.8948109833333335,41.94927781651276,1,0,5.2282,5.2282,drone_like_vibration,LOW,0.0,100.0
BT0584,30.5,5.522657377049181,6.2045,0.2657593416824342,0.0,0.0,0.329872131147541,1.1949,0.0,4.27559769,53.5927453561361,1,0,13.8821,13.8821,drone_like_vibration,LOW,0.159464,93.788975
BT0585,29.0,4.341766091954023,5.14,0.2842408905316834,0.0,0.0,0.32082873563218384,0.8251,0.0,3.406275626666667,39.291963090345014,3,0,14.1273,10.948166666666667,drone_like_vibration,LOW,0.0,96.700965
BT0586,22.0,4.100970454545454,4.7522,0.2674282599181016,0.0,0.0,0.35224848484848487,1.7716,0.0,4.042911773333333,42.16054507019533,1,0,10.8621,10.8621,drone_like_vibration,LOW,0.040846,99.557533
BT0587,18.0,3.535760185185185,4.3007,0.31040331707008845,0.0,0.0,0.36156666666666665,1.053,0.0,3.172078896666667,14.449776161135707,0,0,0.0,0.0,drone_like_vibration,LOW,0.122126,93.101887
BT0588,29.333333333333332,4.8309625,5.5768,0.3045547238900589,0.0,0.0,0.3398210227272727,1.2614,0.0,4.380721725,38.64832615874556,1,0,13.0894,13.0894,drone_like_vibration,LOW,0.146361,92.644189
BT0589,25.5,4.644979738562091,5.4161,0.28288676049380035,0.0,0.0,0.3053895424836601,1.1384,0.0,2.9839500966666663,31.11435651656681,1,0,9.5891,9.5891,drone_like_vibration,LOW,0.024923,98.553828
BT0590,26.833333333333332,5.015750931677019,5.8456,0.26837937135924156,0.0,0.0,0.32509254658385095,1.0277,0.0,3.360259641666667,18.935693061625837,3,0,17.6292,12.359,drone_like_vibration,LOW,0.073454,96.562392
BT0591,27.0,4.596722222222223,5.4899,0.2731511111201505,0.0,0.0,0.34526172839506175,1.4219,0.0,4.5960358,41.825284742237386,3,0,11.319,9.662433333333334,drone_like_vibration,LOW,0.0,94.712099
BT0592,25.5,3.7959464052287584,4.71,0.2899875397427135,0.0,0.0,0.2945248366013071,0.8215,0.0,2.5010835783333336,33.46717149376455,0,0,0.0,0.0,drone_like_vibration,LOW,0.051871,96.295417
BT0593,32.166666666666664,4.182164766839378,4.8322,0.2547553199820222,0.0,0.0,0.3151419689119171,0.9745,0.0,3.7654763899999995,28.885572820974584,2,0,11.8994,11.77425,drone_like_vibration,LOW,0.030827,95.832313
BT0594,34.5,3.79198502415459,4.4009,0.2601043804185584,0.0,0.0,0.3282362318840579,1.1308,0.0,4.895731825000001,35.98139530271676,3,0,17.0826,12.540766666666665,drone_like_vibration,LOW,0.027668,100.0
BT0595,31.333333333333332,4.652595744680852,5.4291,0.2787570460572667,0.0,0.0,0.33201117021276594,1.0492,0.0,4.361845085000001,62.35005605697784,3,0,16.9492,11.250833333333334,drone_like_vibration,LOW,0.067706,93.336104
BT0596,19.5,4.987242735042734,5.6988,0.28174463442702324,0.0,0.0,0.42860683760683754,1.4883,0.0,5.2925625499999995,46.18275830245515,3,0,16.8013,15.062800000000001,drone_like_vibration,LOW,0.0,100.0
BT0597,35.166666666666664,3.98778672985782,4.8961,0.273467562238038,0.0,0.0,0.31435734597156395,0.824,0.0,4.026309283333333,27.946323455601277,3,0,10.5213,9.275933333333333,drone_like_vibration,LOW,0.044576,100.0
BT0598,30.166666666666668,4.473040883977901,5.2098,0.2806892178237944,0.0,0.0,0.3251436464088398,1.2694,0.0,4.368976496666666,38.4982700525555,0,0,0.0,0.0,drone_like_vibration,LOW,0.0,96.078201
BT0599,18.666666666666668,5.098522321428571,5.8279,0.31007285800213297,0.0,0.0,0.2967633928571428,1.1872,0.0,2.0067057583333328,28.38585974528412,0,0,0.0,0.0,drone_like_vibration,LOW,0.036287,95.990906
BT0600,30.333333333333332,4.372328021978022,5.0356,0.26772932274729416,0.0,0.0,0.35595934065934065,1.4908,0.0,5.577801039999999,43.10882538285558,3,0,15.6122,14.240533333333333,drone_like_vibration,LOW,0.011444,99.987483
